Using pre-set license
Built from '2022.3/staging' branch; Version is '2022.3.2f1 (d74737c6db50) revision 14108471'; Using compiler version '192829333'; Build Type 'Release'
OS: 'Windows 11  (10.0.22631) 64bit Core' Language: 'en' Physical Memory: 16087 MB
BatchMode: 1, IsHumanControllingUs: 0, StartBugReporterOnCrash: 0, Is64bit: 1, IsPro: 1

COMMAND LINE ARGUMENTS:
C:\Program Files\Unity\Hub\Editor\2022.3.2f1\Editor\Unity.exe
-adb2
-batchMode
-noUpm
-name
AssetImportWorker8
-projectPath
C:/Users/Lolita/Desktop/Crawling3dd
-logFile
Logs/AssetImportWorker8.log
-srvPort
55411
Successfully changed project path to: C:/Users/Lolita/Desktop/Crawling3dd
C:/Users/Lolita/Desktop/Crawling3dd
[UnityMemory] Configuration Parameters - Can be set up in boot.config
    "memorysetup-bucket-allocator-granularity=16"
    "memorysetup-bucket-allocator-bucket-count=8"
    "memorysetup-bucket-allocator-block-size=33554432"
    "memorysetup-bucket-allocator-block-count=8"
    "memorysetup-main-allocator-block-size=16777216"
    "memorysetup-thread-allocator-block-size=16777216"
    "memorysetup-gfx-main-allocator-block-size=16777216"
    "memorysetup-gfx-thread-allocator-block-size=16777216"
    "memorysetup-cache-allocator-block-size=4194304"
    "memorysetup-typetree-allocator-block-size=2097152"
    "memorysetup-profiler-bucket-allocator-granularity=16"
    "memorysetup-profiler-bucket-allocator-bucket-count=8"
    "memorysetup-profiler-bucket-allocator-block-size=33554432"
    "memorysetup-profiler-bucket-allocator-block-count=8"
    "memorysetup-profiler-allocator-block-size=16777216"
    "memorysetup-profiler-editor-allocator-block-size=1048576"
    "memorysetup-temp-allocator-size-main=16777216"
    "memorysetup-job-temp-allocator-block-size=2097152"
    "memorysetup-job-temp-allocator-block-size-background=1048576"
    "memorysetup-job-temp-allocator-reduction-small-platforms=262144"
    "memorysetup-allocator-temp-initial-block-size-main=262144"
    "memorysetup-allocator-temp-initial-block-size-worker=262144"
    "memorysetup-temp-allocator-size-background-worker=32768"
    "memorysetup-temp-allocator-size-job-worker=262144"
    "memorysetup-temp-allocator-size-preload-manager=33554432"
    "memorysetup-temp-allocator-size-nav-mesh-worker=65536"
    "memorysetup-temp-allocator-size-audio-worker=65536"
    "memorysetup-temp-allocator-size-cloud-worker=32768"
    "memorysetup-temp-allocator-size-gi-baking-worker=262144"
    "memorysetup-temp-allocator-size-gfx=262144"
Player connection [6116] Host "[IP] 192.168.56.1 [Port] 0 [Flags] 2 [Guid] 1894328061 [EditorId] 1894328061 [Version] 1048832 [Id] WindowsEditor(7,MSI) [Debug] 1 [PackageName] WindowsEditor [ProjectName] Editor" joined multi-casting on [225.0.0.222:54997]...

Player connection [6116] Host "[IP] 192.168.56.1 [Port] 0 [Flags] 2 [Guid] 1894328061 [EditorId] 1894328061 [Version] 1048832 [Id] WindowsEditor(7,MSI) [Debug] 1 [PackageName] WindowsEditor [ProjectName] Editor" joined alternative multi-casting on [225.0.0.222:34997]...

Refreshing native plugins compatible for Editor in 4.86 ms, found 3 plugins.
Preloading 0 native plugins for Editor in 0.00 ms.
Initialize engine version: 2022.3.2f1 (d74737c6db50)
[Subsystems] Discovering subsystems at path C:/Program Files/Unity/Hub/Editor/2022.3.2f1/Editor/Data/Resources/UnitySubsystems
[Subsystems] Discovering subsystems at path C:/Users/Lolita/Desktop/Crawling3dd/Assets
GfxDevice: creating device client; threaded=0; jobified=0
Direct3D:
    Version:  Direct3D 11.0 [level 11.1]
    Renderer: NVIDIA GeForce RTX 4070 Laptop GPU (ID=0x2820)
    Vendor:   NVIDIA
    VRAM:     7948 MB
    Driver:   32.0.15.6636
Initialize mono
Mono path[0] = 'C:/Program Files/Unity/Hub/Editor/2022.3.2f1/Editor/Data/Managed'
Mono path[1] = 'C:/Program Files/Unity/Hub/Editor/2022.3.2f1/Editor/Data/MonoBleedingEdge/lib/mono/unityjit-win32'
Mono config path = 'C:/Program Files/Unity/Hub/Editor/2022.3.2f1/Editor/Data/MonoBleedingEdge/etc'
Using monoOptions --debugger-agent=transport=dt_socket,embedding=1,server=y,suspend=n,address=127.0.0.1:56672
Begin MonoManager ReloadAssembly
Registering precompiled unity dll's ...
Register platform support module: C:/Program Files/Unity/Hub/Editor/2022.3.2f1/Editor/Data/PlaybackEngines/WindowsStandaloneSupport/UnityEditor.WindowsStandalone.Extensions.dll
Registered in 0.393514 seconds.
- Loaded All Assemblies, in 14.462 seconds
Native extension for WindowsStandalone target not found
Mono: successfully reloaded assembly
- Finished resetting the current domain, in  0.199 seconds
Domain Reload Profiling: 14660ms
	BeginReloadAssembly (13909ms)
		ExecutionOrderSort (0ms)
		DisableScriptedObjects (0ms)
		BackupInstance (0ms)
		ReleaseScriptingObjects (0ms)
		CreateAndSetChildDomain (0ms)
	RebuildCommonClasses (23ms)
	RebuildNativeTypeToScriptingClass (6ms)
	initialDomainReloadingComplete (431ms)
	LoadAllAssembliesAndSetupDomain (90ms)
		LoadAssemblies (13908ms)
		RebuildTransferFunctionScriptingTraits (0ms)
		AnalyzeDomain (86ms)
			TypeCache.Refresh (85ms)
				TypeCache.ScanAssembly (77ms)
			ScanForSourceGeneratedMonoScriptInfo (0ms)
			ResolveRequiredComponents (0ms)
	FinalizeReload (200ms)
		ReleaseScriptCaches (0ms)
		RebuildScriptCaches (0ms)
		SetupLoadedEditorAssemblies (162ms)
			LogAssemblyErrors (0ms)
			InitializePlatformSupportModulesInManaged (7ms)
			SetLoadedEditorAssemblies (5ms)
			RefreshPlugins (0ms)
			BeforeProcessingInitializeOnLoad (1ms)
			ProcessInitializeOnLoadAttributes (98ms)
			ProcessInitializeOnLoadMethodAttributes (50ms)
			AfterProcessingInitializeOnLoad (0ms)
			EditorAssembliesLoaded (0ms)
		ExecutionOrderSort2 (0ms)
		AwakeInstancesAfterBackupRestoration (0ms)
========================================================================
Worker process is ready to serve import requests
Begin MonoManager ReloadAssembly
Symbol file LoadedFromMemory doesn't match image C:\Users\Lolita\Desktop\Crawling3dd\Library\PackageCache\com.unity.visualscripting@1.8.0\Editor\VisualScripting.Core\Dependencies\YamlDotNet\Unity.VisualScripting.YamlDotNet.dll
Symbol file LoadedFromMemory doesn't match image C:\Users\Lolita\Desktop\Crawling3dd\Library\PackageCache\com.unity.visualscripting@1.8.0\Editor\VisualScripting.Core\Dependencies\DotNetZip\Unity.VisualScripting.IonicZip.dll
- Loaded All Assemblies, in 11.049 seconds
Refreshing native plugins compatible for Editor in 2.40 ms, found 3 plugins.
Native extension for WindowsStandalone target not found
Mono: successfully reloaded assembly
- Finished resetting the current domain, in  0.504 seconds
Domain Reload Profiling: 11551ms
	BeginReloadAssembly (97ms)
		ExecutionOrderSort (0ms)
		DisableScriptedObjects (3ms)
		BackupInstance (0ms)
		ReleaseScriptingObjects (0ms)
		CreateAndSetChildDomain (15ms)
	RebuildCommonClasses (26ms)
	RebuildNativeTypeToScriptingClass (7ms)
	initialDomainReloadingComplete (35ms)
	LoadAllAssembliesAndSetupDomain (10883ms)
		LoadAssemblies (10729ms)
		RebuildTransferFunctionScriptingTraits (0ms)
		AnalyzeDomain (203ms)
			TypeCache.Refresh (190ms)
				TypeCache.ScanAssembly (183ms)
			ScanForSourceGeneratedMonoScriptInfo (10ms)
			ResolveRequiredComponents (3ms)
	FinalizeReload (504ms)
		ReleaseScriptCaches (0ms)
		RebuildScriptCaches (0ms)
		SetupLoadedEditorAssemblies (413ms)
			LogAssemblyErrors (0ms)
			InitializePlatformSupportModulesInManaged (4ms)
			SetLoadedEditorAssemblies (3ms)
			RefreshPlugins (0ms)
			BeforeProcessingInitializeOnLoad (37ms)
			ProcessInitializeOnLoadAttributes (352ms)
			ProcessInitializeOnLoadMethodAttributes (12ms)
			AfterProcessingInitializeOnLoad (4ms)
			EditorAssembliesLoaded (0ms)
		ExecutionOrderSort2 (0ms)
		AwakeInstancesAfterBackupRestoration (5ms)
Launched and connected shader compiler UnityShaderCompiler.exe after 0.06 seconds
Refreshing native plugins compatible for Editor in 2.28 ms, found 3 plugins.
Preloading 0 native plugins for Editor in 0.00 ms.
Unloading 3174 Unused Serialized files (Serialized files now loaded: 0)
Unloading 29 unused Assets / (56.2 KB). Loaded Objects now: 3638.
Memory consumption went from 117.8 MB to 117.8 MB.
Total: 2.624700 ms (FindLiveObjects: 0.148300 ms CreateObjectMapping: 0.056200 ms MarkObjects: 2.341800 ms  DeleteObjects: 0.077400 ms)

AssetImportParameters requested are different than current active one (requested -> active):
  custom:container-demuxer-ogg: 62fdf1f143b41e24485cea50d1cbac27 -> 
  custom:video-codec-MediaFoundation-h265: 746d11721c4dcdbdad8f713fa42b33f4 -> 
  custom:video-decoder-ogg-theora: a1e56fd34408186e4bbccfd4996cb3dc -> 
  custom:framework-win-MediaFoundation: 216162199b28c13a410421893ffa2e32 -> 
  custom:container-demuxer-webm: 4f35f7cbe854078d1ac9338744f61a02 -> 
  custom:container-muxer-webm: aa71ff27fc2769a1b78a27578f13a17b -> 
  custom:video-decoder-webm-vp8: 9c59270c3fd7afecdb556c50c9e8de78 -> 
  custom:SearchIndexIgnoredProperties: e643bd26f0fe6173181afceb89e7c659 -> 
  custom:AudioImporter_EditorPlatform: d09bf68614088b80899f8185d706f6e7 -> 
  custom:video-encoder-webm-vp8: eb34c28f22e8b96e1ab97ce403110664 -> 
  custom:audio-decoder-ogg-vorbis: bf7c407c2cedff20999df2af8eb42d56 -> 
  custom:audio-encoder-webm-vorbis: bf7c407c2cedff20999df2af8eb42d56 -> 
========================================================================
Received Import Request.
  Time since last request: 270217.687217 seconds.
  path: Assets/Scripts/Objects
  artifactKey: Guid(4fb3706412d9e504a80a89995e0723b8) Importer(815301076,1909f56bfc062723c751e8b465ee728b)
Start importing Assets/Scripts/Objects using Guid(4fb3706412d9e504a80a89995e0723b8) Importer(815301076,1909f56bfc062723c751e8b465ee728b)  -> (artifact id: '21f4d846a97e6529808ab290ec07e289') in 0.003639 seconds
Number of updated asset objects reloaded before import = 0
Number of asset objects unloaded after import = 0
========================================================================
Received Prepare
Begin MonoManager ReloadAssembly
Symbol file LoadedFromMemory doesn't match image C:\Users\Lolita\Desktop\Crawling3dd\Library\PackageCache\com.unity.visualscripting@1.8.0\Editor\VisualScripting.Core\Dependencies\YamlDotNet\Unity.VisualScripting.YamlDotNet.dll
Symbol file LoadedFromMemory doesn't match image C:\Users\Lolita\Desktop\Crawling3dd\Library\PackageCache\com.unity.visualscripting@1.8.0\Editor\VisualScripting.Core\Dependencies\DotNetZip\Unity.VisualScripting.IonicZip.dll
- Loaded All Assemblies, in  0.526 seconds
Refreshing native plugins compatible for Editor in 1.85 ms, found 3 plugins.
Native extension for WindowsStandalone target not found
Mono: successfully reloaded assembly
- Finished resetting the current domain, in  0.763 seconds
Domain Reload Profiling: 1287ms
	BeginReloadAssembly (105ms)
		ExecutionOrderSort (0ms)
		DisableScriptedObjects (3ms)
		BackupInstance (0ms)
		ReleaseScriptingObjects (0ms)
		CreateAndSetChildDomain (27ms)
	RebuildCommonClasses (32ms)
	RebuildNativeTypeToScriptingClass (7ms)
	initialDomainReloadingComplete (21ms)
	LoadAllAssembliesAndSetupDomain (359ms)
		LoadAssemblies (218ms)
		RebuildTransferFunctionScriptingTraits (0ms)
		AnalyzeDomain (186ms)
			TypeCache.Refresh (176ms)
				TypeCache.ScanAssembly (169ms)
			ScanForSourceGeneratedMonoScriptInfo (2ms)
			ResolveRequiredComponents (8ms)
	FinalizeReload (763ms)
		ReleaseScriptCaches (0ms)
		RebuildScriptCaches (0ms)
		SetupLoadedEditorAssemblies (462ms)
			LogAssemblyErrors (0ms)
			InitializePlatformSupportModulesInManaged (5ms)
			SetLoadedEditorAssemblies (3ms)
			RefreshPlugins (0ms)
			BeforeProcessingInitializeOnLoad (44ms)
			ProcessInitializeOnLoadAttributes (393ms)
			ProcessInitializeOnLoadMethodAttributes (12ms)
			AfterProcessingInitializeOnLoad (4ms)
			EditorAssembliesLoaded (0ms)
		ExecutionOrderSort2 (0ms)
		AwakeInstancesAfterBackupRestoration (5ms)
Script is not up to date after domain reload: guid(794c96334980b3c4687251e8cd111afd) path("Assets/Scripts/Managers/KineMotor.cs") state(2)
Refreshing native plugins compatible for Editor in 2.04 ms, found 3 plugins.
Preloading 0 native plugins for Editor in 0.00 ms.
Unloading 3168 Unused Serialized files (Serialized files now loaded: 0)
Unloading 20 unused Assets / (30.6 KB). Loaded Objects now: 3643.
Memory consumption went from 116.7 MB to 116.6 MB.
Total: 2.208600 ms (FindLiveObjects: 0.145300 ms CreateObjectMapping: 0.057000 ms MarkObjects: 1.965800 ms  DeleteObjects: 0.039500 ms)

Prepare: number of updated asset objects reloaded= 0
AssetImportParameters requested are different than current active one (requested -> active):
  custom:container-demuxer-ogg: 62fdf1f143b41e24485cea50d1cbac27 -> 
  custom:video-codec-MediaFoundation-h265: 746d11721c4dcdbdad8f713fa42b33f4 -> 
  custom:video-decoder-ogg-theora: a1e56fd34408186e4bbccfd4996cb3dc -> 
  custom:framework-win-MediaFoundation: 216162199b28c13a410421893ffa2e32 -> 
  custom:container-demuxer-webm: 4f35f7cbe854078d1ac9338744f61a02 -> 
  custom:container-muxer-webm: aa71ff27fc2769a1b78a27578f13a17b -> 
  custom:video-decoder-webm-vp8: 9c59270c3fd7afecdb556c50c9e8de78 -> 
  custom:SearchIndexIgnoredProperties: e643bd26f0fe6173181afceb89e7c659 -> 
  custom:AudioImporter_EditorPlatform: d09bf68614088b80899f8185d706f6e7 -> 
  custom:video-encoder-webm-vp8: eb34c28f22e8b96e1ab97ce403110664 -> 
  custom:audio-decoder-ogg-vorbis: bf7c407c2cedff20999df2af8eb42d56 -> 
  custom:audio-encoder-webm-vorbis: bf7c407c2cedff20999df2af8eb42d56 -> 
========================================================================
Received Prepare
Begin MonoManager ReloadAssembly
Symbol file LoadedFromMemory doesn't match image C:\Users\Lolita\Desktop\Crawling3dd\Library\PackageCache\com.unity.visualscripting@1.8.0\Editor\VisualScripting.Core\Dependencies\YamlDotNet\Unity.VisualScripting.YamlDotNet.dll
Symbol file LoadedFromMemory doesn't match image C:\Users\Lolita\Desktop\Crawling3dd\Library\PackageCache\com.unity.visualscripting@1.8.0\Editor\VisualScripting.Core\Dependencies\DotNetZip\Unity.VisualScripting.IonicZip.dll
- Loaded All Assemblies, in  0.520 seconds
Refreshing native plugins compatible for Editor in 2.13 ms, found 3 plugins.
Native extension for WindowsStandalone target not found
Mono: successfully reloaded assembly
- Finished resetting the current domain, in  0.675 seconds
Domain Reload Profiling: 1194ms
	BeginReloadAssembly (100ms)
		ExecutionOrderSort (0ms)
		DisableScriptedObjects (3ms)
		BackupInstance (0ms)
		ReleaseScriptingObjects (0ms)
		CreateAndSetChildDomain (27ms)
	RebuildCommonClasses (21ms)
	RebuildNativeTypeToScriptingClass (7ms)
	initialDomainReloadingComplete (21ms)
	LoadAllAssembliesAndSetupDomain (370ms)
		LoadAssemblies (170ms)
		RebuildTransferFunctionScriptingTraits (0ms)
		AnalyzeDomain (240ms)
			TypeCache.Refresh (235ms)
				TypeCache.ScanAssembly (228ms)
			ScanForSourceGeneratedMonoScriptInfo (2ms)
			ResolveRequiredComponents (3ms)
	FinalizeReload (675ms)
		ReleaseScriptCaches (0ms)
		RebuildScriptCaches (0ms)
		SetupLoadedEditorAssemblies (391ms)
			LogAssemblyErrors (0ms)
			InitializePlatformSupportModulesInManaged (4ms)
			SetLoadedEditorAssemblies (3ms)
			RefreshPlugins (0ms)
			BeforeProcessingInitializeOnLoad (39ms)
			ProcessInitializeOnLoadAttributes (328ms)
			ProcessInitializeOnLoadMethodAttributes (13ms)
			AfterProcessingInitializeOnLoad (4ms)
			EditorAssembliesLoaded (0ms)
		ExecutionOrderSort2 (0ms)
		AwakeInstancesAfterBackupRestoration (4ms)
Refreshing native plugins compatible for Editor in 1.72 ms, found 3 plugins.
Preloading 0 native plugins for Editor in 0.00 ms.
Unloading 3170 Unused Serialized files (Serialized files now loaded: 0)
Unloading 20 unused Assets / (30.6 KB). Loaded Objects now: 3647.
Memory consumption went from 116.9 MB to 116.9 MB.
Total: 2.178200 ms (FindLiveObjects: 0.128900 ms CreateObjectMapping: 0.067700 ms MarkObjects: 1.948000 ms  DeleteObjects: 0.032700 ms)

Prepare: number of updated asset objects reloaded= 0
AssetImportParameters requested are different than current active one (requested -> active):
  custom:container-demuxer-ogg: 62fdf1f143b41e24485cea50d1cbac27 -> 
  custom:video-codec-MediaFoundation-h265: 746d11721c4dcdbdad8f713fa42b33f4 -> 
  custom:video-decoder-ogg-theora: a1e56fd34408186e4bbccfd4996cb3dc -> 
  custom:framework-win-MediaFoundation: 216162199b28c13a410421893ffa2e32 -> 
  custom:container-demuxer-webm: 4f35f7cbe854078d1ac9338744f61a02 -> 
  custom:container-muxer-webm: aa71ff27fc2769a1b78a27578f13a17b -> 
  custom:video-decoder-webm-vp8: 9c59270c3fd7afecdb556c50c9e8de78 -> 
  custom:SearchIndexIgnoredProperties: e643bd26f0fe6173181afceb89e7c659 -> 
  custom:AudioImporter_EditorPlatform: d09bf68614088b80899f8185d706f6e7 -> 
  custom:video-encoder-webm-vp8: eb34c28f22e8b96e1ab97ce403110664 -> 
  custom:audio-decoder-ogg-vorbis: bf7c407c2cedff20999df2af8eb42d56 -> 
  custom:audio-encoder-webm-vorbis: bf7c407c2cedff20999df2af8eb42d56 -> 
========================================================================
Received Import Request.
  Time since last request: 3052.038580 seconds.
  path: Assets/Prefabs/Room.prefab
  artifactKey: Guid(c752277020e01a6478af3e70fe105af5) Importer(815301076,1909f56bfc062723c751e8b465ee728b)
Start importing Assets/Prefabs/Room.prefab using Guid(c752277020e01a6478af3e70fe105af5) Importer(815301076,1909f56bfc062723c751e8b465ee728b)  -> (artifact id: '95789be6e67475eaf6bc9db9fac399fb') in 0.639096 seconds
Number of updated asset objects reloaded before import = 0
Number of asset objects unloaded after import = 185
========================================================================
Received Import Request.
  Time since last request: 10.029400 seconds.
  path: Assets/Scripts/Objects/DungeonGenerator.cs
  artifactKey: Guid(e243cc434169a8149a8bad43024846e5) Importer(815301076,1909f56bfc062723c751e8b465ee728b)
Start importing Assets/Scripts/Objects/DungeonGenerator.cs using Guid(e243cc434169a8149a8bad43024846e5) Importer(815301076,1909f56bfc062723c751e8b465ee728b)  -> (artifact id: '787bd71e16f80fa1067e04a34e73e9c2') in 0.001102 seconds
Number of updated asset objects reloaded before import = 0
Number of asset objects unloaded after import = 0
========================================================================
Received Prepare
Begin MonoManager ReloadAssembly
Symbol file LoadedFromMemory doesn't match image C:\Users\Lolita\Desktop\Crawling3dd\Library\PackageCache\com.unity.visualscripting@1.8.0\Editor\VisualScripting.Core\Dependencies\YamlDotNet\Unity.VisualScripting.YamlDotNet.dll
Symbol file LoadedFromMemory doesn't match image C:\Users\Lolita\Desktop\Crawling3dd\Library\PackageCache\com.unity.visualscripting@1.8.0\Editor\VisualScripting.Core\Dependencies\DotNetZip\Unity.VisualScripting.IonicZip.dll
- Loaded All Assemblies, in  1.175 seconds
Refreshing native plugins compatible for Editor in 2.25 ms, found 3 plugins.
Native extension for WindowsStandalone target not found
Mono: successfully reloaded assembly
- Finished resetting the current domain, in  1.354 seconds
Domain Reload Profiling: 2528ms
	BeginReloadAssembly (297ms)
		ExecutionOrderSort (0ms)
		DisableScriptedObjects (8ms)
		BackupInstance (0ms)
		ReleaseScriptingObjects (0ms)
		CreateAndSetChildDomain (153ms)
	RebuildCommonClasses (29ms)
	RebuildNativeTypeToScriptingClass (9ms)
	initialDomainReloadingComplete (28ms)
	LoadAllAssembliesAndSetupDomain (810ms)
		LoadAssemblies (608ms)
		RebuildTransferFunctionScriptingTraits (0ms)
		AnalyzeDomain (288ms)
			TypeCache.Refresh (284ms)
				TypeCache.ScanAssembly (261ms)
			ScanForSourceGeneratedMonoScriptInfo (0ms)
			ResolveRequiredComponents (3ms)
	FinalizeReload (1355ms)
		ReleaseScriptCaches (0ms)
		RebuildScriptCaches (0ms)
		SetupLoadedEditorAssemblies (558ms)
			LogAssemblyErrors (0ms)
			InitializePlatformSupportModulesInManaged (5ms)
			SetLoadedEditorAssemblies (4ms)
			RefreshPlugins (0ms)
			BeforeProcessingInitializeOnLoad (51ms)
			ProcessInitializeOnLoadAttributes (471ms)
			ProcessInitializeOnLoadMethodAttributes (21ms)
			AfterProcessingInitializeOnLoad (5ms)
			EditorAssembliesLoaded (0ms)
		ExecutionOrderSort2 (0ms)
		AwakeInstancesAfterBackupRestoration (8ms)
Refreshing native plugins compatible for Editor in 2.63 ms, found 3 plugins.
Preloading 0 native plugins for Editor in 0.00 ms.
Unloading 3169 Unused Serialized files (Serialized files now loaded: 0)
Unloading 20 unused Assets / (30.5 KB). Loaded Objects now: 3658.
Memory consumption went from 121.2 MB to 121.2 MB.
Total: 4.548400 ms (FindLiveObjects: 0.190400 ms CreateObjectMapping: 0.061100 ms MarkObjects: 4.245700 ms  DeleteObjects: 0.049700 ms)

Prepare: number of updated asset objects reloaded= 0
AssetImportParameters requested are different than current active one (requested -> active):
  custom:container-demuxer-ogg: 62fdf1f143b41e24485cea50d1cbac27 -> 
  custom:video-codec-MediaFoundation-h265: 746d11721c4dcdbdad8f713fa42b33f4 -> 
  custom:video-decoder-ogg-theora: a1e56fd34408186e4bbccfd4996cb3dc -> 
  custom:framework-win-MediaFoundation: 216162199b28c13a410421893ffa2e32 -> 
  custom:container-demuxer-webm: 4f35f7cbe854078d1ac9338744f61a02 -> 
  custom:container-muxer-webm: aa71ff27fc2769a1b78a27578f13a17b -> 
  custom:video-decoder-webm-vp8: 9c59270c3fd7afecdb556c50c9e8de78 -> 
  custom:SearchIndexIgnoredProperties: e643bd26f0fe6173181afceb89e7c659 -> 
  custom:AudioImporter_EditorPlatform: d09bf68614088b80899f8185d706f6e7 -> 
  custom:video-encoder-webm-vp8: eb34c28f22e8b96e1ab97ce403110664 -> 
  custom:audio-decoder-ogg-vorbis: bf7c407c2cedff20999df2af8eb42d56 -> 
  custom:audio-encoder-webm-vorbis: bf7c407c2cedff20999df2af8eb42d56 -> 
========================================================================
Received Prepare
Begin MonoManager ReloadAssembly
Symbol file LoadedFromMemory doesn't match image C:\Users\Lolita\Desktop\Crawling3dd\Library\PackageCache\com.unity.visualscripting@1.8.0\Editor\VisualScripting.Core\Dependencies\YamlDotNet\Unity.VisualScripting.YamlDotNet.dll
Symbol file LoadedFromMemory doesn't match image C:\Users\Lolita\Desktop\Crawling3dd\Library\PackageCache\com.unity.visualscripting@1.8.0\Editor\VisualScripting.Core\Dependencies\DotNetZip\Unity.VisualScripting.IonicZip.dll
- Loaded All Assemblies, in  0.530 seconds
Refreshing native plugins compatible for Editor in 2.85 ms, found 3 plugins.
Native extension for WindowsStandalone target not found
Mono: successfully reloaded assembly
- Finished resetting the current domain, in  0.886 seconds
Domain Reload Profiling: 1414ms
	BeginReloadAssembly (106ms)
		ExecutionOrderSort (0ms)
		DisableScriptedObjects (3ms)
		BackupInstance (0ms)
		ReleaseScriptingObjects (0ms)
		CreateAndSetChildDomain (27ms)
	RebuildCommonClasses (22ms)
	RebuildNativeTypeToScriptingClass (7ms)
	initialDomainReloadingComplete (28ms)
	LoadAllAssembliesAndSetupDomain (364ms)
		LoadAssemblies (196ms)
		RebuildTransferFunctionScriptingTraits (0ms)
		AnalyzeDomain (212ms)
			TypeCache.Refresh (208ms)
				TypeCache.ScanAssembly (200ms)
			ScanForSourceGeneratedMonoScriptInfo (0ms)
			ResolveRequiredComponents (4ms)
	FinalizeReload (887ms)
		ReleaseScriptCaches (0ms)
		RebuildScriptCaches (0ms)
		SetupLoadedEditorAssemblies (504ms)
			LogAssemblyErrors (0ms)
			InitializePlatformSupportModulesInManaged (6ms)
			SetLoadedEditorAssemblies (4ms)
			RefreshPlugins (0ms)
			BeforeProcessingInitializeOnLoad (51ms)
			ProcessInitializeOnLoadAttributes (421ms)
			ProcessInitializeOnLoadMethodAttributes (17ms)
			AfterProcessingInitializeOnLoad (5ms)
			EditorAssembliesLoaded (0ms)
		ExecutionOrderSort2 (0ms)
		AwakeInstancesAfterBackupRestoration (7ms)
Refreshing native plugins compatible for Editor in 2.68 ms, found 3 plugins.
Preloading 0 native plugins for Editor in 0.00 ms.
Unloading 3170 Unused Serialized files (Serialized files now loaded: 0)
Unloading 20 unused Assets / (30.6 KB). Loaded Objects now: 3661.
Memory consumption went from 121.5 MB to 121.4 MB.
Total: 2.559000 ms (FindLiveObjects: 0.174600 ms CreateObjectMapping: 0.070800 ms MarkObjects: 2.269300 ms  DeleteObjects: 0.043100 ms)

Prepare: number of updated asset objects reloaded= 0
AssetImportParameters requested are different than current active one (requested -> active):
  custom:container-demuxer-ogg: 62fdf1f143b41e24485cea50d1cbac27 -> 
  custom:video-codec-MediaFoundation-h265: 746d11721c4dcdbdad8f713fa42b33f4 -> 
  custom:video-decoder-ogg-theora: a1e56fd34408186e4bbccfd4996cb3dc -> 
  custom:framework-win-MediaFoundation: 216162199b28c13a410421893ffa2e32 -> 
  custom:container-demuxer-webm: 4f35f7cbe854078d1ac9338744f61a02 -> 
  custom:container-muxer-webm: aa71ff27fc2769a1b78a27578f13a17b -> 
  custom:video-decoder-webm-vp8: 9c59270c3fd7afecdb556c50c9e8de78 -> 
  custom:SearchIndexIgnoredProperties: e643bd26f0fe6173181afceb89e7c659 -> 
  custom:AudioImporter_EditorPlatform: d09bf68614088b80899f8185d706f6e7 -> 
  custom:video-encoder-webm-vp8: eb34c28f22e8b96e1ab97ce403110664 -> 
  custom:audio-decoder-ogg-vorbis: bf7c407c2cedff20999df2af8eb42d56 -> 
  custom:audio-encoder-webm-vorbis: bf7c407c2cedff20999df2af8eb42d56 -> 
========================================================================
Received Prepare
Begin MonoManager ReloadAssembly
Symbol file LoadedFromMemory doesn't match image C:\Users\Lolita\Desktop\Crawling3dd\Library\PackageCache\com.unity.visualscripting@1.8.0\Editor\VisualScripting.Core\Dependencies\YamlDotNet\Unity.VisualScripting.YamlDotNet.dll
Symbol file LoadedFromMemory doesn't match image C:\Users\Lolita\Desktop\Crawling3dd\Library\PackageCache\com.unity.visualscripting@1.8.0\Editor\VisualScripting.Core\Dependencies\DotNetZip\Unity.VisualScripting.IonicZip.dll
- Loaded All Assemblies, in  0.495 seconds
Refreshing native plugins compatible for Editor in 2.35 ms, found 3 plugins.
Native extension for WindowsStandalone target not found
Mono: successfully reloaded assembly
- Finished resetting the current domain, in  0.992 seconds
Domain Reload Profiling: 1485ms
	BeginReloadAssembly (108ms)
		ExecutionOrderSort (0ms)
		DisableScriptedObjects (3ms)
		BackupInstance (0ms)
		ReleaseScriptingObjects (0ms)
		CreateAndSetChildDomain (27ms)
	RebuildCommonClasses (28ms)
	RebuildNativeTypeToScriptingClass (7ms)
	initialDomainReloadingComplete (21ms)
	LoadAllAssembliesAndSetupDomain (327ms)
		LoadAssemblies (183ms)
		RebuildTransferFunctionScriptingTraits (0ms)
		AnalyzeDomain (193ms)
			TypeCache.Refresh (187ms)
				TypeCache.ScanAssembly (179ms)
			ScanForSourceGeneratedMonoScriptInfo (2ms)
			ResolveRequiredComponents (4ms)
	FinalizeReload (993ms)
		ReleaseScriptCaches (0ms)
		RebuildScriptCaches (0ms)
		SetupLoadedEditorAssemblies (616ms)
			LogAssemblyErrors (0ms)
			InitializePlatformSupportModulesInManaged (7ms)
			SetLoadedEditorAssemblies (4ms)
			RefreshPlugins (0ms)
			BeforeProcessingInitializeOnLoad (72ms)
			ProcessInitializeOnLoadAttributes (508ms)
			ProcessInitializeOnLoadMethodAttributes (18ms)
			AfterProcessingInitializeOnLoad (7ms)
			EditorAssembliesLoaded (0ms)
		ExecutionOrderSort2 (0ms)
		AwakeInstancesAfterBackupRestoration (6ms)
Refreshing native plugins compatible for Editor in 3.05 ms, found 3 plugins.
Preloading 0 native plugins for Editor in 0.00 ms.
Unloading 3170 Unused Serialized files (Serialized files now loaded: 0)
Unloading 20 unused Assets / (30.7 KB). Loaded Objects now: 3664.
Memory consumption went from 121.5 MB to 121.4 MB.
Total: 2.984300 ms (FindLiveObjects: 0.161700 ms CreateObjectMapping: 0.062100 ms MarkObjects: 2.697900 ms  DeleteObjects: 0.061300 ms)

Prepare: number of updated asset objects reloaded= 0
AssetImportParameters requested are different than current active one (requested -> active):
  custom:container-demuxer-ogg: 62fdf1f143b41e24485cea50d1cbac27 -> 
  custom:video-codec-MediaFoundation-h265: 746d11721c4dcdbdad8f713fa42b33f4 -> 
  custom:video-decoder-ogg-theora: a1e56fd34408186e4bbccfd4996cb3dc -> 
  custom:framework-win-MediaFoundation: 216162199b28c13a410421893ffa2e32 -> 
  custom:container-demuxer-webm: 4f35f7cbe854078d1ac9338744f61a02 -> 
  custom:container-muxer-webm: aa71ff27fc2769a1b78a27578f13a17b -> 
  custom:video-decoder-webm-vp8: 9c59270c3fd7afecdb556c50c9e8de78 -> 
  custom:SearchIndexIgnoredProperties: e643bd26f0fe6173181afceb89e7c659 -> 
  custom:AudioImporter_EditorPlatform: d09bf68614088b80899f8185d706f6e7 -> 
  custom:video-encoder-webm-vp8: eb34c28f22e8b96e1ab97ce403110664 -> 
  custom:audio-decoder-ogg-vorbis: bf7c407c2cedff20999df2af8eb42d56 -> 
  custom:audio-encoder-webm-vorbis: bf7c407c2cedff20999df2af8eb42d56 -> 
========================================================================
Received Prepare
Begin MonoManager ReloadAssembly
Symbol file LoadedFromMemory doesn't match image C:\Users\Lolita\Desktop\Crawling3dd\Library\PackageCache\com.unity.visualscripting@1.8.0\Editor\VisualScripting.Core\Dependencies\YamlDotNet\Unity.VisualScripting.YamlDotNet.dll
Symbol file LoadedFromMemory doesn't match image C:\Users\Lolita\Desktop\Crawling3dd\Library\PackageCache\com.unity.visualscripting@1.8.0\Editor\VisualScripting.Core\Dependencies\DotNetZip\Unity.VisualScripting.IonicZip.dll
- Loaded All Assemblies, in  0.526 seconds
Refreshing native plugins compatible for Editor in 2.46 ms, found 3 plugins.
Native extension for WindowsStandalone target not found
Mono: successfully reloaded assembly
- Finished resetting the current domain, in  0.891 seconds
Domain Reload Profiling: 1415ms
	BeginReloadAssembly (110ms)
		ExecutionOrderSort (0ms)
		DisableScriptedObjects (3ms)
		BackupInstance (0ms)
		ReleaseScriptingObjects (0ms)
		CreateAndSetChildDomain (29ms)
	RebuildCommonClasses (23ms)
	RebuildNativeTypeToScriptingClass (7ms)
	initialDomainReloadingComplete (21ms)
	LoadAllAssembliesAndSetupDomain (362ms)
		LoadAssemblies (175ms)
		RebuildTransferFunctionScriptingTraits (0ms)
		AnalyzeDomain (232ms)
			TypeCache.Refresh (228ms)
				TypeCache.ScanAssembly (219ms)
			ScanForSourceGeneratedMonoScriptInfo (0ms)
			ResolveRequiredComponents (4ms)
	FinalizeReload (892ms)
		ReleaseScriptCaches (0ms)
		RebuildScriptCaches (0ms)
		SetupLoadedEditorAssemblies (542ms)
			LogAssemblyErrors (0ms)
			InitializePlatformSupportModulesInManaged (6ms)
			SetLoadedEditorAssemblies (4ms)
			RefreshPlugins (0ms)
			BeforeProcessingInitializeOnLoad (53ms)
			ProcessInitializeOnLoadAttributes (455ms)
			ProcessInitializeOnLoadMethodAttributes (18ms)
			AfterProcessingInitializeOnLoad (6ms)
			EditorAssembliesLoaded (0ms)
		ExecutionOrderSort2 (0ms)
		AwakeInstancesAfterBackupRestoration (6ms)
Refreshing native plugins compatible for Editor in 2.68 ms, found 3 plugins.
Preloading 0 native plugins for Editor in 0.00 ms.
Unloading 3170 Unused Serialized files (Serialized files now loaded: 0)
Unloading 20 unused Assets / (30.6 KB). Loaded Objects now: 3667.
Memory consumption went from 121.5 MB to 121.4 MB.
Total: 3.116600 ms (FindLiveObjects: 0.226200 ms CreateObjectMapping: 0.074200 ms MarkObjects: 2.760300 ms  DeleteObjects: 0.054800 ms)

Prepare: number of updated asset objects reloaded= 0
AssetImportParameters requested are different than current active one (requested -> active):
  custom:container-demuxer-ogg: 62fdf1f143b41e24485cea50d1cbac27 -> 
  custom:video-codec-MediaFoundation-h265: 746d11721c4dcdbdad8f713fa42b33f4 -> 
  custom:video-decoder-ogg-theora: a1e56fd34408186e4bbccfd4996cb3dc -> 
  custom:framework-win-MediaFoundation: 216162199b28c13a410421893ffa2e32 -> 
  custom:container-demuxer-webm: 4f35f7cbe854078d1ac9338744f61a02 -> 
  custom:container-muxer-webm: aa71ff27fc2769a1b78a27578f13a17b -> 
  custom:video-decoder-webm-vp8: 9c59270c3fd7afecdb556c50c9e8de78 -> 
  custom:SearchIndexIgnoredProperties: e643bd26f0fe6173181afceb89e7c659 -> 
  custom:AudioImporter_EditorPlatform: d09bf68614088b80899f8185d706f6e7 -> 
  custom:video-encoder-webm-vp8: eb34c28f22e8b96e1ab97ce403110664 -> 
  custom:audio-decoder-ogg-vorbis: bf7c407c2cedff20999df2af8eb42d56 -> 
  custom:audio-encoder-webm-vorbis: bf7c407c2cedff20999df2af8eb42d56 -> 
========================================================================
Received Prepare
Begin MonoManager ReloadAssembly
Symbol file LoadedFromMemory doesn't match image C:\Users\Lolita\Desktop\Crawling3dd\Library\PackageCache\com.unity.visualscripting@1.8.0\Editor\VisualScripting.Core\Dependencies\YamlDotNet\Unity.VisualScripting.YamlDotNet.dll
Symbol file LoadedFromMemory doesn't match image C:\Users\Lolita\Desktop\Crawling3dd\Library\PackageCache\com.unity.visualscripting@1.8.0\Editor\VisualScripting.Core\Dependencies\DotNetZip\Unity.VisualScripting.IonicZip.dll
- Loaded All Assemblies, in  0.525 seconds
Refreshing native plugins compatible for Editor in 3.38 ms, found 3 plugins.
Native extension for WindowsStandalone target not found
Mono: successfully reloaded assembly
- Finished resetting the current domain, in  0.902 seconds
Domain Reload Profiling: 1426ms
	BeginReloadAssembly (110ms)
		ExecutionOrderSort (0ms)
		DisableScriptedObjects (3ms)
		BackupInstance (0ms)
		ReleaseScriptingObjects (0ms)
		CreateAndSetChildDomain (30ms)
	RebuildCommonClasses (23ms)
	RebuildNativeTypeToScriptingClass (8ms)
	initialDomainReloadingComplete (21ms)
	LoadAllAssembliesAndSetupDomain (361ms)
		LoadAssemblies (178ms)
		RebuildTransferFunctionScriptingTraits (0ms)
		AnalyzeDomain (228ms)
			TypeCache.Refresh (224ms)
				TypeCache.ScanAssembly (214ms)
			ScanForSourceGeneratedMonoScriptInfo (0ms)
			ResolveRequiredComponents (4ms)
	FinalizeReload (903ms)
		ReleaseScriptCaches (0ms)
		RebuildScriptCaches (0ms)
		SetupLoadedEditorAssemblies (543ms)
			LogAssemblyErrors (0ms)
			InitializePlatformSupportModulesInManaged (5ms)
			SetLoadedEditorAssemblies (4ms)
			RefreshPlugins (0ms)
			BeforeProcessingInitializeOnLoad (52ms)
			ProcessInitializeOnLoadAttributes (460ms)
			ProcessInitializeOnLoadMethodAttributes (17ms)
			AfterProcessingInitializeOnLoad (6ms)
			EditorAssembliesLoaded (0ms)
		ExecutionOrderSort2 (0ms)
		AwakeInstancesAfterBackupRestoration (7ms)
Refreshing native plugins compatible for Editor in 2.31 ms, found 3 plugins.
Preloading 0 native plugins for Editor in 0.00 ms.
Unloading 3170 Unused Serialized files (Serialized files now loaded: 0)
Unloading 20 unused Assets / (30.5 KB). Loaded Objects now: 3670.
Memory consumption went from 121.5 MB to 121.4 MB.
Total: 2.644200 ms (FindLiveObjects: 0.176300 ms CreateObjectMapping: 0.061600 ms MarkObjects: 2.360900 ms  DeleteObjects: 0.044300 ms)

Prepare: number of updated asset objects reloaded= 0
AssetImportParameters requested are different than current active one (requested -> active):
  custom:container-demuxer-ogg: 62fdf1f143b41e24485cea50d1cbac27 -> 
  custom:video-codec-MediaFoundation-h265: 746d11721c4dcdbdad8f713fa42b33f4 -> 
  custom:video-decoder-ogg-theora: a1e56fd34408186e4bbccfd4996cb3dc -> 
  custom:framework-win-MediaFoundation: 216162199b28c13a410421893ffa2e32 -> 
  custom:container-demuxer-webm: 4f35f7cbe854078d1ac9338744f61a02 -> 
  custom:container-muxer-webm: aa71ff27fc2769a1b78a27578f13a17b -> 
  custom:video-decoder-webm-vp8: 9c59270c3fd7afecdb556c50c9e8de78 -> 
  custom:SearchIndexIgnoredProperties: e643bd26f0fe6173181afceb89e7c659 -> 
  custom:AudioImporter_EditorPlatform: d09bf68614088b80899f8185d706f6e7 -> 
  custom:video-encoder-webm-vp8: eb34c28f22e8b96e1ab97ce403110664 -> 
  custom:audio-decoder-ogg-vorbis: bf7c407c2cedff20999df2af8eb42d56 -> 
  custom:audio-encoder-webm-vorbis: bf7c407c2cedff20999df2af8eb42d56 -> 
========================================================================
Received Import Request.
  Time since last request: 598.716341 seconds.
  path: Assets/Prefabs/Room.prefab
  artifactKey: Guid(c752277020e01a6478af3e70fe105af5) Importer(815301076,1909f56bfc062723c751e8b465ee728b)
Start importing Assets/Prefabs/Room.prefab using Guid(c752277020e01a6478af3e70fe105af5) Importer(815301076,1909f56bfc062723c751e8b465ee728b)  -> (artifact id: 'bd7d2a64a72f635ec98b56f2a1acde0b') in 0.079448 seconds
Number of updated asset objects reloaded before import = 0
Number of asset objects unloaded after import = 185
========================================================================
Received Import Request.
  Time since last request: 0.487768 seconds.
  path: Assets/Prefabs/Room.prefab
  artifactKey: Guid(c752277020e01a6478af3e70fe105af5) Importer(815301076,1909f56bfc062723c751e8b465ee728b)
Start importing Assets/Prefabs/Room.prefab using Guid(c752277020e01a6478af3e70fe105af5) Importer(815301076,1909f56bfc062723c751e8b465ee728b)  -> (artifact id: '8979de88dd5c931892c015985b6d315c') in 0.029988 seconds
Number of updated asset objects reloaded before import = 0
Number of asset objects unloaded after import = 185
========================================================================
Received Import Request.
  Time since last request: 1.173685 seconds.
  path: Assets/Prefabs/Room.prefab
  artifactKey: Guid(c752277020e01a6478af3e70fe105af5) Importer(815301076,1909f56bfc062723c751e8b465ee728b)
Start importing Assets/Prefabs/Room.prefab using Guid(c752277020e01a6478af3e70fe105af5) Importer(815301076,1909f56bfc062723c751e8b465ee728b)  -> (artifact id: '2eca6891f0a71186c2e4a833d901ae03') in 0.030476 seconds
Number of updated asset objects reloaded before import = 0
Number of asset objects unloaded after import = 185
========================================================================
Received Import Request.
  Time since last request: 0.974998 seconds.
  path: Assets/Prefabs/Room.prefab
  artifactKey: Guid(c752277020e01a6478af3e70fe105af5) Importer(815301076,1909f56bfc062723c751e8b465ee728b)
Start importing Assets/Prefabs/Room.prefab using Guid(c752277020e01a6478af3e70fe105af5) Importer(815301076,1909f56bfc062723c751e8b465ee728b)  -> (artifact id: '53233b10d6211872e62e6a71d33ba0c1') in 0.027974 seconds
Number of updated asset objects reloaded before import = 0
Number of asset objects unloaded after import = 185
========================================================================
Received Import Request.
  Time since last request: 1.181112 seconds.
  path: Assets/Prefabs/Room.prefab
  artifactKey: Guid(c752277020e01a6478af3e70fe105af5) Importer(815301076,1909f56bfc062723c751e8b465ee728b)
Start importing Assets/Prefabs/Room.prefab using Guid(c752277020e01a6478af3e70fe105af5) Importer(815301076,1909f56bfc062723c751e8b465ee728b)  -> (artifact id: '6f640d35144b96318eb126d551e2301b') in 0.029887 seconds
Number of updated asset objects reloaded before import = 0
Number of asset objects unloaded after import = 185
========================================================================
Received Import Request.
  Time since last request: 3.789660 seconds.
  path: Assets/Prefabs/Room.prefab
  artifactKey: Guid(c752277020e01a6478af3e70fe105af5) Importer(815301076,1909f56bfc062723c751e8b465ee728b)
Start importing Assets/Prefabs/Room.prefab using Guid(c752277020e01a6478af3e70fe105af5) Importer(815301076,1909f56bfc062723c751e8b465ee728b)  -> (artifact id: '296ee6c561eed9832aa1aa07c7f1a925') in 0.027061 seconds
Number of updated asset objects reloaded before import = 0
Number of asset objects unloaded after import = 185
========================================================================
Received Import Request.
  Time since last request: 2.392990 seconds.
  path: Assets/Prefabs/Room.prefab
  artifactKey: Guid(c752277020e01a6478af3e70fe105af5) Importer(815301076,1909f56bfc062723c751e8b465ee728b)
Start importing Assets/Prefabs/Room.prefab using Guid(c752277020e01a6478af3e70fe105af5) Importer(815301076,1909f56bfc062723c751e8b465ee728b)  -> (artifact id: '4368df8c3048e8e3e8b27e82741e6351') in 0.028124 seconds
Number of updated asset objects reloaded before import = 0
Number of asset objects unloaded after import = 185
========================================================================
Received Import Request.
  Time since last request: 1.184082 seconds.
  path: Assets/Prefabs/Room.prefab
  artifactKey: Guid(c752277020e01a6478af3e70fe105af5) Importer(815301076,1909f56bfc062723c751e8b465ee728b)
Start importing Assets/Prefabs/Room.prefab using Guid(c752277020e01a6478af3e70fe105af5) Importer(815301076,1909f56bfc062723c751e8b465ee728b)  -> (artifact id: '7e340d81eb8d5fca816e64c9890d2dd6') in 0.029930 seconds
Number of updated asset objects reloaded before import = 0
Number of asset objects unloaded after import = 185
========================================================================
Received Import Request.
  Time since last request: 0.779508 seconds.
  path: Assets/Prefabs/Room.prefab
  artifactKey: Guid(c752277020e01a6478af3e70fe105af5) Importer(815301076,1909f56bfc062723c751e8b465ee728b)
Start importing Assets/Prefabs/Room.prefab using Guid(c752277020e01a6478af3e70fe105af5) Importer(815301076,1909f56bfc062723c751e8b465ee728b)  -> (artifact id: '0759a3affdac4eec554ab4eb1c2d570b') in 0.022703 seconds
Number of updated asset objects reloaded before import = 0
Number of asset objects unloaded after import = 185
========================================================================
Received Import Request.
  Time since last request: 4.610024 seconds.
  path: Assets/Prefabs/Room.prefab
  artifactKey: Guid(c752277020e01a6478af3e70fe105af5) Importer(815301076,1909f56bfc062723c751e8b465ee728b)
Start importing Assets/Prefabs/Room.prefab using Guid(c752277020e01a6478af3e70fe105af5) Importer(815301076,1909f56bfc062723c751e8b465ee728b)  -> (artifact id: 'a679304338340abaa98a2a3647ac172e') in 0.030539 seconds
Number of updated asset objects reloaded before import = 0
Number of asset objects unloaded after import = 185
========================================================================
Received Import Request.
  Time since last request: 1.373454 seconds.
  path: Assets/Prefabs/Room.prefab
  artifactKey: Guid(c752277020e01a6478af3e70fe105af5) Importer(815301076,1909f56bfc062723c751e8b465ee728b)
Start importing Assets/Prefabs/Room.prefab using Guid(c752277020e01a6478af3e70fe105af5) Importer(815301076,1909f56bfc062723c751e8b465ee728b)  -> (artifact id: '69f12bd30b3a4f3244f77bb64a66e8e8') in 0.028151 seconds
Number of updated asset objects reloaded before import = 0
Number of asset objects unloaded after import = 185
========================================================================
Received Import Request.
  Time since last request: 2.790187 seconds.
  path: Assets/Prefabs/Room.prefab
  artifactKey: Guid(c752277020e01a6478af3e70fe105af5) Importer(815301076,1909f56bfc062723c751e8b465ee728b)
Start importing Assets/Prefabs/Room.prefab using Guid(c752277020e01a6478af3e70fe105af5) Importer(815301076,1909f56bfc062723c751e8b465ee728b)  -> (artifact id: '90a3db8cb1d09376736bf9ff4c3c3bf9') in 0.030439 seconds
Number of updated asset objects reloaded before import = 0
Number of asset objects unloaded after import = 185
========================================================================
Received Import Request.
  Time since last request: 4.189957 seconds.
  path: Assets/Prefabs/Room.prefab
  artifactKey: Guid(c752277020e01a6478af3e70fe105af5) Importer(815301076,1909f56bfc062723c751e8b465ee728b)
Start importing Assets/Prefabs/Room.prefab using Guid(c752277020e01a6478af3e70fe105af5) Importer(815301076,1909f56bfc062723c751e8b465ee728b)  -> (artifact id: '18ee375c77b56cf49bf88398e6da299a') in 0.029055 seconds
Number of updated asset objects reloaded before import = 0
Number of asset objects unloaded after import = 185
========================================================================
Received Prepare
Begin MonoManager ReloadAssembly
Symbol file LoadedFromMemory doesn't match image C:\Users\Lolita\Desktop\Crawling3dd\Library\PackageCache\com.unity.visualscripting@1.8.0\Editor\VisualScripting.Core\Dependencies\YamlDotNet\Unity.VisualScripting.YamlDotNet.dll
Symbol file LoadedFromMemory doesn't match image C:\Users\Lolita\Desktop\Crawling3dd\Library\PackageCache\com.unity.visualscripting@1.8.0\Editor\VisualScripting.Core\Dependencies\DotNetZip\Unity.VisualScripting.IonicZip.dll
- Loaded All Assemblies, in  0.526 seconds
Refreshing native plugins compatible for Editor in 2.73 ms, found 3 plugins.
Native extension for WindowsStandalone target not found
Mono: successfully reloaded assembly
- Finished resetting the current domain, in  0.894 seconds
Domain Reload Profiling: 1419ms
	BeginReloadAssembly (110ms)
		ExecutionOrderSort (0ms)
		DisableScriptedObjects (4ms)
		BackupInstance (0ms)
		ReleaseScriptingObjects (0ms)
		CreateAndSetChildDomain (32ms)
	RebuildCommonClasses (25ms)
	RebuildNativeTypeToScriptingClass (11ms)
	initialDomainReloadingComplete (24ms)
	LoadAllAssembliesAndSetupDomain (354ms)
		LoadAssemblies (188ms)
		RebuildTransferFunctionScriptingTraits (0ms)
		AnalyzeDomain (212ms)
			TypeCache.Refresh (209ms)
				TypeCache.ScanAssembly (201ms)
			ScanForSourceGeneratedMonoScriptInfo (0ms)
			ResolveRequiredComponents (3ms)
	FinalizeReload (895ms)
		ReleaseScriptCaches (0ms)
		RebuildScriptCaches (0ms)
		SetupLoadedEditorAssemblies (551ms)
			LogAssemblyErrors (0ms)
			InitializePlatformSupportModulesInManaged (5ms)
			SetLoadedEditorAssemblies (4ms)
			RefreshPlugins (0ms)
			BeforeProcessingInitializeOnLoad (54ms)
			ProcessInitializeOnLoadAttributes (465ms)
			ProcessInitializeOnLoadMethodAttributes (17ms)
			AfterProcessingInitializeOnLoad (6ms)
			EditorAssembliesLoaded (0ms)
		ExecutionOrderSort2 (0ms)
		AwakeInstancesAfterBackupRestoration (7ms)
Refreshing native plugins compatible for Editor in 2.88 ms, found 3 plugins.
Preloading 0 native plugins for Editor in 0.00 ms.
Unloading 3169 Unused Serialized files (Serialized files now loaded: 0)
Unloading 20 unused Assets / (30.6 KB). Loaded Objects now: 3673.
Memory consumption went from 121.2 MB to 121.2 MB.
Total: 3.142500 ms (FindLiveObjects: 0.182900 ms CreateObjectMapping: 0.076300 ms MarkObjects: 2.829800 ms  DeleteObjects: 0.052500 ms)

Prepare: number of updated asset objects reloaded= 0
AssetImportParameters requested are different than current active one (requested -> active):
  custom:container-demuxer-ogg: 62fdf1f143b41e24485cea50d1cbac27 -> 
  custom:video-codec-MediaFoundation-h265: 746d11721c4dcdbdad8f713fa42b33f4 -> 
  custom:video-decoder-ogg-theora: a1e56fd34408186e4bbccfd4996cb3dc -> 
  custom:framework-win-MediaFoundation: 216162199b28c13a410421893ffa2e32 -> 
  custom:container-demuxer-webm: 4f35f7cbe854078d1ac9338744f61a02 -> 
  custom:container-muxer-webm: aa71ff27fc2769a1b78a27578f13a17b -> 
  custom:video-decoder-webm-vp8: 9c59270c3fd7afecdb556c50c9e8de78 -> 
  custom:SearchIndexIgnoredProperties: e643bd26f0fe6173181afceb89e7c659 -> 
  custom:AudioImporter_EditorPlatform: d09bf68614088b80899f8185d706f6e7 -> 
  custom:video-encoder-webm-vp8: eb34c28f22e8b96e1ab97ce403110664 -> 
  custom:audio-decoder-ogg-vorbis: bf7c407c2cedff20999df2af8eb42d56 -> 
  custom:audio-encoder-webm-vorbis: bf7c407c2cedff20999df2af8eb42d56 -> 
========================================================================
Received Import Request.
  Time since last request: 37.256594 seconds.
  path: Assets/Prefabs/Room.prefab
  artifactKey: Guid(c752277020e01a6478af3e70fe105af5) Importer(815301076,1909f56bfc062723c751e8b465ee728b)
Start importing Assets/Prefabs/Room.prefab using Guid(c752277020e01a6478af3e70fe105af5) Importer(815301076,1909f56bfc062723c751e8b465ee728b)  -> (artifact id: 'ac8cfecb1a0c4a0719e4d9945db4e231') in 0.076194 seconds
Number of updated asset objects reloaded before import = 0
Number of asset objects unloaded after import = 185
========================================================================
Received Import Request.
  Time since last request: 1.298430 seconds.
  path: Assets/Prefabs/Room.prefab
  artifactKey: Guid(c752277020e01a6478af3e70fe105af5) Importer(815301076,1909f56bfc062723c751e8b465ee728b)
Start importing Assets/Prefabs/Room.prefab using Guid(c752277020e01a6478af3e70fe105af5) Importer(815301076,1909f56bfc062723c751e8b465ee728b)  -> (artifact id: '31d51aa0ea0958a36f96589c9e28d068') in 0.025207 seconds
Number of updated asset objects reloaded before import = 0
Number of asset objects unloaded after import = 185
========================================================================
Received Import Request.
  Time since last request: 1.649826 seconds.
  path: Assets/Prefabs/Room.prefab
  artifactKey: Guid(c752277020e01a6478af3e70fe105af5) Importer(815301076,1909f56bfc062723c751e8b465ee728b)
Start importing Assets/Prefabs/Room.prefab using Guid(c752277020e01a6478af3e70fe105af5) Importer(815301076,1909f56bfc062723c751e8b465ee728b)  -> (artifact id: '0c1567399931ac298b648a6f5d978f5b') in 0.030102 seconds
Number of updated asset objects reloaded before import = 0
Number of asset objects unloaded after import = 185
========================================================================
Received Prepare
Begin MonoManager ReloadAssembly
Symbol file LoadedFromMemory doesn't match image C:\Users\Lolita\Desktop\Crawling3dd\Library\PackageCache\com.unity.visualscripting@1.8.0\Editor\VisualScripting.Core\Dependencies\YamlDotNet\Unity.VisualScripting.YamlDotNet.dll
Symbol file LoadedFromMemory doesn't match image C:\Users\Lolita\Desktop\Crawling3dd\Library\PackageCache\com.unity.visualscripting@1.8.0\Editor\VisualScripting.Core\Dependencies\DotNetZip\Unity.VisualScripting.IonicZip.dll
- Loaded All Assemblies, in  0.557 seconds
Refreshing native plugins compatible for Editor in 3.65 ms, found 3 plugins.
Native extension for WindowsStandalone target not found
Mono: successfully reloaded assembly
- Finished resetting the current domain, in  0.920 seconds
Domain Reload Profiling: 1475ms
	BeginReloadAssembly (106ms)
		ExecutionOrderSort (0ms)
		DisableScriptedObjects (2ms)
		BackupInstance (0ms)
		ReleaseScriptingObjects (0ms)
		CreateAndSetChildDomain (27ms)
	RebuildCommonClasses (24ms)
	RebuildNativeTypeToScriptingClass (8ms)
	initialDomainReloadingComplete (22ms)
	LoadAllAssembliesAndSetupDomain (393ms)
		LoadAssemblies (204ms)
		RebuildTransferFunctionScriptingTraits (0ms)
		AnalyzeDomain (232ms)
			TypeCache.Refresh (227ms)
				TypeCache.ScanAssembly (219ms)
			ScanForSourceGeneratedMonoScriptInfo (0ms)
			ResolveRequiredComponents (5ms)
	FinalizeReload (921ms)
		ReleaseScriptCaches (0ms)
		RebuildScriptCaches (0ms)
		SetupLoadedEditorAssemblies (547ms)
			LogAssemblyErrors (0ms)
			InitializePlatformSupportModulesInManaged (7ms)
			SetLoadedEditorAssemblies (4ms)
			RefreshPlugins (0ms)
			BeforeProcessingInitializeOnLoad (53ms)
			ProcessInitializeOnLoadAttributes (461ms)
			ProcessInitializeOnLoadMethodAttributes (16ms)
			AfterProcessingInitializeOnLoad (6ms)
			EditorAssembliesLoaded (0ms)
		ExecutionOrderSort2 (0ms)
		AwakeInstancesAfterBackupRestoration (6ms)
Refreshing native plugins compatible for Editor in 3.63 ms, found 3 plugins.
Preloading 0 native plugins for Editor in 0.00 ms.
Unloading 3169 Unused Serialized files (Serialized files now loaded: 0)
Unloading 20 unused Assets / (30.6 KB). Loaded Objects now: 3676.
Memory consumption went from 121.3 MB to 121.2 MB.
Total: 2.995500 ms (FindLiveObjects: 0.204300 ms CreateObjectMapping: 0.064900 ms MarkObjects: 2.679900 ms  DeleteObjects: 0.045200 ms)

Prepare: number of updated asset objects reloaded= 0
AssetImportParameters requested are different than current active one (requested -> active):
  custom:container-demuxer-ogg: 62fdf1f143b41e24485cea50d1cbac27 -> 
  custom:video-codec-MediaFoundation-h265: 746d11721c4dcdbdad8f713fa42b33f4 -> 
  custom:video-decoder-ogg-theora: a1e56fd34408186e4bbccfd4996cb3dc -> 
  custom:framework-win-MediaFoundation: 216162199b28c13a410421893ffa2e32 -> 
  custom:container-demuxer-webm: 4f35f7cbe854078d1ac9338744f61a02 -> 
  custom:container-muxer-webm: aa71ff27fc2769a1b78a27578f13a17b -> 
  custom:video-decoder-webm-vp8: 9c59270c3fd7afecdb556c50c9e8de78 -> 
  custom:SearchIndexIgnoredProperties: e643bd26f0fe6173181afceb89e7c659 -> 
  custom:AudioImporter_EditorPlatform: d09bf68614088b80899f8185d706f6e7 -> 
  custom:video-encoder-webm-vp8: eb34c28f22e8b96e1ab97ce403110664 -> 
  custom:audio-decoder-ogg-vorbis: bf7c407c2cedff20999df2af8eb42d56 -> 
  custom:audio-encoder-webm-vorbis: bf7c407c2cedff20999df2af8eb42d56 -> 
========================================================================
Received Prepare
Begin MonoManager ReloadAssembly
Symbol file LoadedFromMemory doesn't match image C:\Users\Lolita\Desktop\Crawling3dd\Library\PackageCache\com.unity.visualscripting@1.8.0\Editor\VisualScripting.Core\Dependencies\YamlDotNet\Unity.VisualScripting.YamlDotNet.dll
Symbol file LoadedFromMemory doesn't match image C:\Users\Lolita\Desktop\Crawling3dd\Library\PackageCache\com.unity.visualscripting@1.8.0\Editor\VisualScripting.Core\Dependencies\DotNetZip\Unity.VisualScripting.IonicZip.dll
- Loaded All Assemblies, in  0.505 seconds
Refreshing native plugins compatible for Editor in 2.63 ms, found 3 plugins.
Native extension for WindowsStandalone target not found
Mono: successfully reloaded assembly
- Finished resetting the current domain, in  0.869 seconds
Domain Reload Profiling: 1373ms
	BeginReloadAssembly (104ms)
		ExecutionOrderSort (0ms)
		DisableScriptedObjects (3ms)
		BackupInstance (0ms)
		ReleaseScriptingObjects (0ms)
		CreateAndSetChildDomain (25ms)
	RebuildCommonClasses (25ms)
	RebuildNativeTypeToScriptingClass (10ms)
	initialDomainReloadingComplete (22ms)
	LoadAllAssembliesAndSetupDomain (341ms)
		LoadAssemblies (170ms)
		RebuildTransferFunctionScriptingTraits (0ms)
		AnalyzeDomain (214ms)
			TypeCache.Refresh (210ms)
				TypeCache.ScanAssembly (201ms)
			ScanForSourceGeneratedMonoScriptInfo (0ms)
			ResolveRequiredComponents (4ms)
	FinalizeReload (870ms)
		ReleaseScriptCaches (0ms)
		RebuildScriptCaches (0ms)
		SetupLoadedEditorAssemblies (520ms)
			LogAssemblyErrors (0ms)
			InitializePlatformSupportModulesInManaged (5ms)
			SetLoadedEditorAssemblies (4ms)
			RefreshPlugins (0ms)
			BeforeProcessingInitializeOnLoad (50ms)
			ProcessInitializeOnLoadAttributes (439ms)
			ProcessInitializeOnLoadMethodAttributes (15ms)
			AfterProcessingInitializeOnLoad (6ms)
			EditorAssembliesLoaded (0ms)
		ExecutionOrderSort2 (0ms)
		AwakeInstancesAfterBackupRestoration (6ms)
Refreshing native plugins compatible for Editor in 2.87 ms, found 3 plugins.
Preloading 0 native plugins for Editor in 0.00 ms.
Unloading 3170 Unused Serialized files (Serialized files now loaded: 0)
Unloading 20 unused Assets / (30.6 KB). Loaded Objects now: 3679.
Memory consumption went from 121.5 MB to 121.5 MB.
Total: 2.625300 ms (FindLiveObjects: 0.166400 ms CreateObjectMapping: 0.068400 ms MarkObjects: 2.329300 ms  DeleteObjects: 0.060200 ms)

Prepare: number of updated asset objects reloaded= 0
AssetImportParameters requested are different than current active one (requested -> active):
  custom:container-demuxer-ogg: 62fdf1f143b41e24485cea50d1cbac27 -> 
  custom:video-codec-MediaFoundation-h265: 746d11721c4dcdbdad8f713fa42b33f4 -> 
  custom:video-decoder-ogg-theora: a1e56fd34408186e4bbccfd4996cb3dc -> 
  custom:framework-win-MediaFoundation: 216162199b28c13a410421893ffa2e32 -> 
  custom:container-demuxer-webm: 4f35f7cbe854078d1ac9338744f61a02 -> 
  custom:container-muxer-webm: aa71ff27fc2769a1b78a27578f13a17b -> 
  custom:video-decoder-webm-vp8: 9c59270c3fd7afecdb556c50c9e8de78 -> 
  custom:SearchIndexIgnoredProperties: e643bd26f0fe6173181afceb89e7c659 -> 
  custom:AudioImporter_EditorPlatform: d09bf68614088b80899f8185d706f6e7 -> 
  custom:video-encoder-webm-vp8: eb34c28f22e8b96e1ab97ce403110664 -> 
  custom:audio-decoder-ogg-vorbis: bf7c407c2cedff20999df2af8eb42d56 -> 
  custom:audio-encoder-webm-vorbis: bf7c407c2cedff20999df2af8eb42d56 -> 
========================================================================
Received Import Request.
  Time since last request: 36.855428 seconds.
  path: Assets/Prefabs/Room.prefab
  artifactKey: Guid(c752277020e01a6478af3e70fe105af5) Importer(815301076,1909f56bfc062723c751e8b465ee728b)
Start importing Assets/Prefabs/Room.prefab using Guid(c752277020e01a6478af3e70fe105af5) Importer(815301076,1909f56bfc062723c751e8b465ee728b)  -> (artifact id: 'ebc7f7e2e24e6dc76b68e954e19caf1b') in 0.072434 seconds
Number of updated asset objects reloaded before import = 0
Number of asset objects unloaded after import = 185
========================================================================
Received Import Request.
  Time since last request: 0.281807 seconds.
  path: Assets/Prefabs/Room.prefab
  artifactKey: Guid(c752277020e01a6478af3e70fe105af5) Importer(815301076,1909f56bfc062723c751e8b465ee728b)
Start importing Assets/Prefabs/Room.prefab using Guid(c752277020e01a6478af3e70fe105af5) Importer(815301076,1909f56bfc062723c751e8b465ee728b)  -> (artifact id: '3139535b74b158cec5da4f21f314bbea') in 0.021558 seconds
Number of updated asset objects reloaded before import = 0
Number of asset objects unloaded after import = 185
========================================================================
Received Import Request.
  Time since last request: 2.180977 seconds.
  path: Assets/Prefabs/Room.prefab
  artifactKey: Guid(c752277020e01a6478af3e70fe105af5) Importer(815301076,1909f56bfc062723c751e8b465ee728b)
Start importing Assets/Prefabs/Room.prefab using Guid(c752277020e01a6478af3e70fe105af5) Importer(815301076,1909f56bfc062723c751e8b465ee728b)  -> (artifact id: '68a06ee1c79e45e1f63c3154a0de0338') in 0.027123 seconds
Number of updated asset objects reloaded before import = 0
Number of asset objects unloaded after import = 185
========================================================================
Received Import Request.
  Time since last request: 4.604333 seconds.
  path: Assets/Prefabs/Room.prefab
  artifactKey: Guid(c752277020e01a6478af3e70fe105af5) Importer(815301076,1909f56bfc062723c751e8b465ee728b)
Start importing Assets/Prefabs/Room.prefab using Guid(c752277020e01a6478af3e70fe105af5) Importer(815301076,1909f56bfc062723c751e8b465ee728b)  -> (artifact id: '62a63f1953dfc5b5a01b22a6a4363aaf') in 0.027311 seconds
Number of updated asset objects reloaded before import = 0
Number of asset objects unloaded after import = 185
========================================================================
Received Prepare
Begin MonoManager ReloadAssembly
Symbol file LoadedFromMemory doesn't match image C:\Users\Lolita\Desktop\Crawling3dd\Library\PackageCache\com.unity.visualscripting@1.8.0\Editor\VisualScripting.Core\Dependencies\YamlDotNet\Unity.VisualScripting.YamlDotNet.dll
Symbol file LoadedFromMemory doesn't match image C:\Users\Lolita\Desktop\Crawling3dd\Library\PackageCache\com.unity.visualscripting@1.8.0\Editor\VisualScripting.Core\Dependencies\DotNetZip\Unity.VisualScripting.IonicZip.dll
- Loaded All Assemblies, in  0.520 seconds
Refreshing native plugins compatible for Editor in 2.23 ms, found 3 plugins.
Native extension for WindowsStandalone target not found
Mono: successfully reloaded assembly
- Finished resetting the current domain, in  0.906 seconds
Domain Reload Profiling: 1425ms
	BeginReloadAssembly (102ms)
		ExecutionOrderSort (0ms)
		DisableScriptedObjects (2ms)
		BackupInstance (0ms)
		ReleaseScriptingObjects (0ms)
		CreateAndSetChildDomain (27ms)
	RebuildCommonClasses (26ms)
	RebuildNativeTypeToScriptingClass (10ms)
	initialDomainReloadingComplete (20ms)
	LoadAllAssembliesAndSetupDomain (360ms)
		LoadAssemblies (179ms)
		RebuildTransferFunctionScriptingTraits (0ms)
		AnalyzeDomain (224ms)
			TypeCache.Refresh (220ms)
				TypeCache.ScanAssembly (212ms)
			ScanForSourceGeneratedMonoScriptInfo (0ms)
			ResolveRequiredComponents (4ms)
	FinalizeReload (907ms)
		ReleaseScriptCaches (0ms)
		RebuildScriptCaches (0ms)
		SetupLoadedEditorAssemblies (554ms)
			LogAssemblyErrors (0ms)
			InitializePlatformSupportModulesInManaged (5ms)
			SetLoadedEditorAssemblies (4ms)
			RefreshPlugins (0ms)
			BeforeProcessingInitializeOnLoad (50ms)
			ProcessInitializeOnLoadAttributes (470ms)
			ProcessInitializeOnLoadMethodAttributes (19ms)
			AfterProcessingInitializeOnLoad (6ms)
			EditorAssembliesLoaded (0ms)
		ExecutionOrderSort2 (0ms)
		AwakeInstancesAfterBackupRestoration (6ms)
Refreshing native plugins compatible for Editor in 2.47 ms, found 3 plugins.
Preloading 0 native plugins for Editor in 0.00 ms.
Unloading 3169 Unused Serialized files (Serialized files now loaded: 0)
Unloading 20 unused Assets / (30.5 KB). Loaded Objects now: 3682.
Memory consumption went from 121.3 MB to 121.2 MB.
Total: 3.257700 ms (FindLiveObjects: 0.243300 ms CreateObjectMapping: 0.068300 ms MarkObjects: 2.874400 ms  DeleteObjects: 0.069700 ms)

Prepare: number of updated asset objects reloaded= 0
AssetImportParameters requested are different than current active one (requested -> active):
  custom:container-demuxer-ogg: 62fdf1f143b41e24485cea50d1cbac27 -> 
  custom:video-codec-MediaFoundation-h265: 746d11721c4dcdbdad8f713fa42b33f4 -> 
  custom:video-decoder-ogg-theora: a1e56fd34408186e4bbccfd4996cb3dc -> 
  custom:framework-win-MediaFoundation: 216162199b28c13a410421893ffa2e32 -> 
  custom:container-demuxer-webm: 4f35f7cbe854078d1ac9338744f61a02 -> 
  custom:container-muxer-webm: aa71ff27fc2769a1b78a27578f13a17b -> 
  custom:video-decoder-webm-vp8: 9c59270c3fd7afecdb556c50c9e8de78 -> 
  custom:SearchIndexIgnoredProperties: e643bd26f0fe6173181afceb89e7c659 -> 
  custom:AudioImporter_EditorPlatform: d09bf68614088b80899f8185d706f6e7 -> 
  custom:video-encoder-webm-vp8: eb34c28f22e8b96e1ab97ce403110664 -> 
  custom:audio-decoder-ogg-vorbis: bf7c407c2cedff20999df2af8eb42d56 -> 
  custom:audio-encoder-webm-vorbis: bf7c407c2cedff20999df2af8eb42d56 -> 
========================================================================
Received Prepare
Begin MonoManager ReloadAssembly
Symbol file LoadedFromMemory doesn't match image C:\Users\Lolita\Desktop\Crawling3dd\Library\PackageCache\com.unity.visualscripting@1.8.0\Editor\VisualScripting.Core\Dependencies\YamlDotNet\Unity.VisualScripting.YamlDotNet.dll
Symbol file LoadedFromMemory doesn't match image C:\Users\Lolita\Desktop\Crawling3dd\Library\PackageCache\com.unity.visualscripting@1.8.0\Editor\VisualScripting.Core\Dependencies\DotNetZip\Unity.VisualScripting.IonicZip.dll
- Loaded All Assemblies, in  0.517 seconds
Refreshing native plugins compatible for Editor in 2.51 ms, found 3 plugins.
Native extension for WindowsStandalone target not found
Mono: successfully reloaded assembly
- Finished resetting the current domain, in  0.958 seconds
Domain Reload Profiling: 1473ms
	BeginReloadAssembly (103ms)
		ExecutionOrderSort (0ms)
		DisableScriptedObjects (3ms)
		BackupInstance (0ms)
		ReleaseScriptingObjects (0ms)
		CreateAndSetChildDomain (26ms)
	RebuildCommonClasses (22ms)
	RebuildNativeTypeToScriptingClass (8ms)
	initialDomainReloadingComplete (23ms)
	LoadAllAssembliesAndSetupDomain (358ms)
		LoadAssemblies (182ms)
		RebuildTransferFunctionScriptingTraits (0ms)
		AnalyzeDomain (222ms)
			TypeCache.Refresh (212ms)
				TypeCache.ScanAssembly (202ms)
			ScanForSourceGeneratedMonoScriptInfo (0ms)
			ResolveRequiredComponents (10ms)
	FinalizeReload (958ms)
		ReleaseScriptCaches (0ms)
		RebuildScriptCaches (0ms)
		SetupLoadedEditorAssemblies (577ms)
			LogAssemblyErrors (0ms)
			InitializePlatformSupportModulesInManaged (6ms)
			SetLoadedEditorAssemblies (5ms)
			RefreshPlugins (0ms)
			BeforeProcessingInitializeOnLoad (54ms)
			ProcessInitializeOnLoadAttributes (486ms)
			ProcessInitializeOnLoadMethodAttributes (20ms)
			AfterProcessingInitializeOnLoad (6ms)
			EditorAssembliesLoaded (0ms)
		ExecutionOrderSort2 (0ms)
		AwakeInstancesAfterBackupRestoration (7ms)
Refreshing native plugins compatible for Editor in 2.52 ms, found 3 plugins.
Preloading 0 native plugins for Editor in 0.00 ms.
Unloading 3170 Unused Serialized files (Serialized files now loaded: 0)
Unloading 20 unused Assets / (30.6 KB). Loaded Objects now: 3685.
Memory consumption went from 121.5 MB to 121.5 MB.
Total: 2.953900 ms (FindLiveObjects: 0.363700 ms CreateObjectMapping: 0.088400 ms MarkObjects: 2.421900 ms  DeleteObjects: 0.079100 ms)

Prepare: number of updated asset objects reloaded= 0
AssetImportParameters requested are different than current active one (requested -> active):
  custom:container-demuxer-ogg: 62fdf1f143b41e24485cea50d1cbac27 -> 
  custom:video-codec-MediaFoundation-h265: 746d11721c4dcdbdad8f713fa42b33f4 -> 
  custom:video-decoder-ogg-theora: a1e56fd34408186e4bbccfd4996cb3dc -> 
  custom:framework-win-MediaFoundation: 216162199b28c13a410421893ffa2e32 -> 
  custom:container-demuxer-webm: 4f35f7cbe854078d1ac9338744f61a02 -> 
  custom:container-muxer-webm: aa71ff27fc2769a1b78a27578f13a17b -> 
  custom:video-decoder-webm-vp8: 9c59270c3fd7afecdb556c50c9e8de78 -> 
  custom:SearchIndexIgnoredProperties: e643bd26f0fe6173181afceb89e7c659 -> 
  custom:AudioImporter_EditorPlatform: d09bf68614088b80899f8185d706f6e7 -> 
  custom:video-encoder-webm-vp8: eb34c28f22e8b96e1ab97ce403110664 -> 
  custom:audio-decoder-ogg-vorbis: bf7c407c2cedff20999df2af8eb42d56 -> 
  custom:audio-encoder-webm-vorbis: bf7c407c2cedff20999df2af8eb42d56 -> 
========================================================================
Received Import Request.
  Time since last request: 85.901402 seconds.
  path: Assets/Prefabs/Room.prefab
  artifactKey: Guid(c752277020e01a6478af3e70fe105af5) Importer(815301076,1909f56bfc062723c751e8b465ee728b)
Start importing Assets/Prefabs/Room.prefab using Guid(c752277020e01a6478af3e70fe105af5) Importer(815301076,1909f56bfc062723c751e8b465ee728b)  -> (artifact id: '5be3f6f20552524b58cfc7550cab81f5') in 0.073704 seconds
Number of updated asset objects reloaded before import = 0
Number of asset objects unloaded after import = 185
========================================================================
Received Import Request.
  Time since last request: 0.294307 seconds.
  path: Assets/Prefabs/Room.prefab
  artifactKey: Guid(c752277020e01a6478af3e70fe105af5) Importer(815301076,1909f56bfc062723c751e8b465ee728b)
Start importing Assets/Prefabs/Room.prefab using Guid(c752277020e01a6478af3e70fe105af5) Importer(815301076,1909f56bfc062723c751e8b465ee728b)  -> (artifact id: '5dd00fbe425d79953ff8f73dbe0aa5e3') in 0.024483 seconds
Number of updated asset objects reloaded before import = 0
Number of asset objects unloaded after import = 185
========================================================================
Received Import Request.
  Time since last request: 1.615851 seconds.
  path: Assets/Prefabs/Room.prefab
  artifactKey: Guid(c752277020e01a6478af3e70fe105af5) Importer(815301076,1909f56bfc062723c751e8b465ee728b)
Start importing Assets/Prefabs/Room.prefab using Guid(c752277020e01a6478af3e70fe105af5) Importer(815301076,1909f56bfc062723c751e8b465ee728b)  -> (artifact id: 'fd5266b95bd168da04085c6aef2176d3') in 0.027893 seconds
Number of updated asset objects reloaded before import = 0
Number of asset objects unloaded after import = 185
========================================================================
Received Prepare
Begin MonoManager ReloadAssembly
Symbol file LoadedFromMemory doesn't match image C:\Users\Lolita\Desktop\Crawling3dd\Library\PackageCache\com.unity.visualscripting@1.8.0\Editor\VisualScripting.Core\Dependencies\YamlDotNet\Unity.VisualScripting.YamlDotNet.dll
Symbol file LoadedFromMemory doesn't match image C:\Users\Lolita\Desktop\Crawling3dd\Library\PackageCache\com.unity.visualscripting@1.8.0\Editor\VisualScripting.Core\Dependencies\DotNetZip\Unity.VisualScripting.IonicZip.dll
- Loaded All Assemblies, in  0.504 seconds
Refreshing native plugins compatible for Editor in 2.48 ms, found 3 plugins.
Native extension for WindowsStandalone target not found
Mono: successfully reloaded assembly
- Finished resetting the current domain, in  0.920 seconds
Domain Reload Profiling: 1422ms
	BeginReloadAssembly (104ms)
		ExecutionOrderSort (0ms)
		DisableScriptedObjects (3ms)
		BackupInstance (0ms)
		ReleaseScriptingObjects (0ms)
		CreateAndSetChildDomain (30ms)
	RebuildCommonClasses (21ms)
	RebuildNativeTypeToScriptingClass (7ms)
	initialDomainReloadingComplete (23ms)
	LoadAllAssembliesAndSetupDomain (346ms)
		LoadAssemblies (167ms)
		RebuildTransferFunctionScriptingTraits (0ms)
		AnalyzeDomain (222ms)
			TypeCache.Refresh (212ms)
				TypeCache.ScanAssembly (203ms)
			ScanForSourceGeneratedMonoScriptInfo (0ms)
			ResolveRequiredComponents (10ms)
	FinalizeReload (921ms)
		ReleaseScriptCaches (0ms)
		RebuildScriptCaches (0ms)
		SetupLoadedEditorAssemblies (544ms)
			LogAssemblyErrors (0ms)
			InitializePlatformSupportModulesInManaged (5ms)
			SetLoadedEditorAssemblies (3ms)
			RefreshPlugins (0ms)
			BeforeProcessingInitializeOnLoad (55ms)
			ProcessInitializeOnLoadAttributes (457ms)
			ProcessInitializeOnLoadMethodAttributes (17ms)
			AfterProcessingInitializeOnLoad (6ms)
			EditorAssembliesLoaded (0ms)
		ExecutionOrderSort2 (0ms)
		AwakeInstancesAfterBackupRestoration (6ms)
Refreshing native plugins compatible for Editor in 2.78 ms, found 3 plugins.
Preloading 0 native plugins for Editor in 0.00 ms.
Unloading 3169 Unused Serialized files (Serialized files now loaded: 0)
Unloading 20 unused Assets / (30.6 KB). Loaded Objects now: 3688.
Memory consumption went from 121.3 MB to 121.3 MB.
Total: 3.104900 ms (FindLiveObjects: 0.221000 ms CreateObjectMapping: 0.075500 ms MarkObjects: 2.739200 ms  DeleteObjects: 0.068000 ms)

Prepare: number of updated asset objects reloaded= 0
AssetImportParameters requested are different than current active one (requested -> active):
  custom:container-demuxer-ogg: 62fdf1f143b41e24485cea50d1cbac27 -> 
  custom:video-codec-MediaFoundation-h265: 746d11721c4dcdbdad8f713fa42b33f4 -> 
  custom:video-decoder-ogg-theora: a1e56fd34408186e4bbccfd4996cb3dc -> 
  custom:framework-win-MediaFoundation: 216162199b28c13a410421893ffa2e32 -> 
  custom:container-demuxer-webm: 4f35f7cbe854078d1ac9338744f61a02 -> 
  custom:container-muxer-webm: aa71ff27fc2769a1b78a27578f13a17b -> 
  custom:video-decoder-webm-vp8: 9c59270c3fd7afecdb556c50c9e8de78 -> 
  custom:SearchIndexIgnoredProperties: e643bd26f0fe6173181afceb89e7c659 -> 
  custom:AudioImporter_EditorPlatform: d09bf68614088b80899f8185d706f6e7 -> 
  custom:video-encoder-webm-vp8: eb34c28f22e8b96e1ab97ce403110664 -> 
  custom:audio-decoder-ogg-vorbis: bf7c407c2cedff20999df2af8eb42d56 -> 
  custom:audio-encoder-webm-vorbis: bf7c407c2cedff20999df2af8eb42d56 -> 
========================================================================
Received Import Request.
  Time since last request: 41.689041 seconds.
  path: Assets/Prefabs/Room.prefab
  artifactKey: Guid(c752277020e01a6478af3e70fe105af5) Importer(815301076,1909f56bfc062723c751e8b465ee728b)
Start importing Assets/Prefabs/Room.prefab using Guid(c752277020e01a6478af3e70fe105af5) Importer(815301076,1909f56bfc062723c751e8b465ee728b)  -> (artifact id: '2d87e9f610bd311b01735ee18bedc45b') in 0.073402 seconds
Number of updated asset objects reloaded before import = 0
Number of asset objects unloaded after import = 185
========================================================================
Received Import Request.
  Time since last request: 6.125640 seconds.
  path: Assets/Prefabs/Room.prefab
  artifactKey: Guid(c752277020e01a6478af3e70fe105af5) Importer(815301076,1909f56bfc062723c751e8b465ee728b)
Start importing Assets/Prefabs/Room.prefab using Guid(c752277020e01a6478af3e70fe105af5) Importer(815301076,1909f56bfc062723c751e8b465ee728b)  -> (artifact id: 'ea076206db5f12e541705ccc351ab817') in 0.033519 seconds
Number of updated asset objects reloaded before import = 0
Number of asset objects unloaded after import = 185
========================================================================
Received Prepare
Begin MonoManager ReloadAssembly
Symbol file LoadedFromMemory doesn't match image C:\Users\Lolita\Desktop\Crawling3dd\Library\PackageCache\com.unity.visualscripting@1.8.0\Editor\VisualScripting.Core\Dependencies\YamlDotNet\Unity.VisualScripting.YamlDotNet.dll
Symbol file LoadedFromMemory doesn't match image C:\Users\Lolita\Desktop\Crawling3dd\Library\PackageCache\com.unity.visualscripting@1.8.0\Editor\VisualScripting.Core\Dependencies\DotNetZip\Unity.VisualScripting.IonicZip.dll
- Loaded All Assemblies, in  0.508 seconds
Refreshing native plugins compatible for Editor in 3.15 ms, found 3 plugins.
Native extension for WindowsStandalone target not found
Mono: successfully reloaded assembly
- Finished resetting the current domain, in  0.929 seconds
Domain Reload Profiling: 1435ms
	BeginReloadAssembly (102ms)
		ExecutionOrderSort (0ms)
		DisableScriptedObjects (3ms)
		BackupInstance (0ms)
		ReleaseScriptingObjects (0ms)
		CreateAndSetChildDomain (28ms)
	RebuildCommonClasses (21ms)
	RebuildNativeTypeToScriptingClass (7ms)
	initialDomainReloadingComplete (20ms)
	LoadAllAssembliesAndSetupDomain (356ms)
		LoadAssemblies (168ms)
		RebuildTransferFunctionScriptingTraits (0ms)
		AnalyzeDomain (230ms)
			TypeCache.Refresh (225ms)
				TypeCache.ScanAssembly (216ms)
			ScanForSourceGeneratedMonoScriptInfo (0ms)
			ResolveRequiredComponents (5ms)
	FinalizeReload (929ms)
		ReleaseScriptCaches (0ms)
		RebuildScriptCaches (0ms)
		SetupLoadedEditorAssemblies (570ms)
			LogAssemblyErrors (0ms)
			InitializePlatformSupportModulesInManaged (5ms)
			SetLoadedEditorAssemblies (6ms)
			RefreshPlugins (0ms)
			BeforeProcessingInitializeOnLoad (58ms)
			ProcessInitializeOnLoadAttributes (479ms)
			ProcessInitializeOnLoadMethodAttributes (17ms)
			AfterProcessingInitializeOnLoad (6ms)
			EditorAssembliesLoaded (0ms)
		ExecutionOrderSort2 (0ms)
		AwakeInstancesAfterBackupRestoration (6ms)
Refreshing native plugins compatible for Editor in 2.69 ms, found 3 plugins.
Preloading 0 native plugins for Editor in 0.00 ms.
Unloading 3169 Unused Serialized files (Serialized files now loaded: 0)
Unloading 20 unused Assets / (30.6 KB). Loaded Objects now: 3691.
Memory consumption went from 121.3 MB to 121.3 MB.
Total: 3.115200 ms (FindLiveObjects: 0.246700 ms CreateObjectMapping: 0.148000 ms MarkObjects: 2.666400 ms  DeleteObjects: 0.053100 ms)

Prepare: number of updated asset objects reloaded= 0
AssetImportParameters requested are different than current active one (requested -> active):
  custom:container-demuxer-ogg: 62fdf1f143b41e24485cea50d1cbac27 -> 
  custom:video-codec-MediaFoundation-h265: 746d11721c4dcdbdad8f713fa42b33f4 -> 
  custom:video-decoder-ogg-theora: a1e56fd34408186e4bbccfd4996cb3dc -> 
  custom:framework-win-MediaFoundation: 216162199b28c13a410421893ffa2e32 -> 
  custom:container-demuxer-webm: 4f35f7cbe854078d1ac9338744f61a02 -> 
  custom:container-muxer-webm: aa71ff27fc2769a1b78a27578f13a17b -> 
  custom:video-decoder-webm-vp8: 9c59270c3fd7afecdb556c50c9e8de78 -> 
  custom:SearchIndexIgnoredProperties: e643bd26f0fe6173181afceb89e7c659 -> 
  custom:AudioImporter_EditorPlatform: d09bf68614088b80899f8185d706f6e7 -> 
  custom:video-encoder-webm-vp8: eb34c28f22e8b96e1ab97ce403110664 -> 
  custom:audio-decoder-ogg-vorbis: bf7c407c2cedff20999df2af8eb42d56 -> 
  custom:audio-encoder-webm-vorbis: bf7c407c2cedff20999df2af8eb42d56 -> 
========================================================================
Received Import Request.
  Time since last request: 46.235749 seconds.
  path: Assets/Prefabs/Room.prefab
  artifactKey: Guid(c752277020e01a6478af3e70fe105af5) Importer(815301076,1909f56bfc062723c751e8b465ee728b)
Start importing Assets/Prefabs/Room.prefab using Guid(c752277020e01a6478af3e70fe105af5) Importer(815301076,1909f56bfc062723c751e8b465ee728b)  -> (artifact id: '46bdd329797f31f11845a16ff2c32954') in 0.068700 seconds
Number of updated asset objects reloaded before import = 0
Number of asset objects unloaded after import = 185
========================================================================
Received Prepare
Begin MonoManager ReloadAssembly
Symbol file LoadedFromMemory doesn't match image C:\Users\Lolita\Desktop\Crawling3dd\Library\PackageCache\com.unity.visualscripting@1.8.0\Editor\VisualScripting.Core\Dependencies\YamlDotNet\Unity.VisualScripting.YamlDotNet.dll
Symbol file LoadedFromMemory doesn't match image C:\Users\Lolita\Desktop\Crawling3dd\Library\PackageCache\com.unity.visualscripting@1.8.0\Editor\VisualScripting.Core\Dependencies\DotNetZip\Unity.VisualScripting.IonicZip.dll
- Loaded All Assemblies, in  0.526 seconds
Refreshing native plugins compatible for Editor in 2.52 ms, found 3 plugins.
Native extension for WindowsStandalone target not found
Mono: successfully reloaded assembly
- Finished resetting the current domain, in  0.916 seconds
Domain Reload Profiling: 1441ms
	BeginReloadAssembly (110ms)
		ExecutionOrderSort (0ms)
		DisableScriptedObjects (3ms)
		BackupInstance (0ms)
		ReleaseScriptingObjects (0ms)
		CreateAndSetChildDomain (30ms)
	RebuildCommonClasses (24ms)
	RebuildNativeTypeToScriptingClass (7ms)
	initialDomainReloadingComplete (20ms)
	LoadAllAssembliesAndSetupDomain (364ms)
		LoadAssemblies (186ms)
		RebuildTransferFunctionScriptingTraits (0ms)
		AnalyzeDomain (225ms)
			TypeCache.Refresh (219ms)
				TypeCache.ScanAssembly (211ms)
			ScanForSourceGeneratedMonoScriptInfo (0ms)
			ResolveRequiredComponents (5ms)
	FinalizeReload (916ms)
		ReleaseScriptCaches (0ms)
		RebuildScriptCaches (0ms)
		SetupLoadedEditorAssemblies (554ms)
			LogAssemblyErrors (0ms)
			InitializePlatformSupportModulesInManaged (5ms)
			SetLoadedEditorAssemblies (4ms)
			RefreshPlugins (0ms)
			BeforeProcessingInitializeOnLoad (55ms)
			ProcessInitializeOnLoadAttributes (467ms)
			ProcessInitializeOnLoadMethodAttributes (17ms)
			AfterProcessingInitializeOnLoad (6ms)
			EditorAssembliesLoaded (0ms)
		ExecutionOrderSort2 (0ms)
		AwakeInstancesAfterBackupRestoration (7ms)
Refreshing native plugins compatible for Editor in 2.62 ms, found 3 plugins.
Preloading 0 native plugins for Editor in 0.00 ms.
Unloading 3169 Unused Serialized files (Serialized files now loaded: 0)
Unloading 20 unused Assets / (30.6 KB). Loaded Objects now: 3694.
Memory consumption went from 121.3 MB to 121.3 MB.
Total: 2.724700 ms (FindLiveObjects: 0.166000 ms CreateObjectMapping: 0.067200 ms MarkObjects: 2.416000 ms  DeleteObjects: 0.074300 ms)

Prepare: number of updated asset objects reloaded= 0
AssetImportParameters requested are different than current active one (requested -> active):
  custom:container-demuxer-ogg: 62fdf1f143b41e24485cea50d1cbac27 -> 
  custom:video-codec-MediaFoundation-h265: 746d11721c4dcdbdad8f713fa42b33f4 -> 
  custom:video-decoder-ogg-theora: a1e56fd34408186e4bbccfd4996cb3dc -> 
  custom:framework-win-MediaFoundation: 216162199b28c13a410421893ffa2e32 -> 
  custom:container-demuxer-webm: 4f35f7cbe854078d1ac9338744f61a02 -> 
  custom:container-muxer-webm: aa71ff27fc2769a1b78a27578f13a17b -> 
  custom:video-decoder-webm-vp8: 9c59270c3fd7afecdb556c50c9e8de78 -> 
  custom:SearchIndexIgnoredProperties: e643bd26f0fe6173181afceb89e7c659 -> 
  custom:AudioImporter_EditorPlatform: d09bf68614088b80899f8185d706f6e7 -> 
  custom:video-encoder-webm-vp8: eb34c28f22e8b96e1ab97ce403110664 -> 
  custom:audio-decoder-ogg-vorbis: bf7c407c2cedff20999df2af8eb42d56 -> 
  custom:audio-encoder-webm-vorbis: bf7c407c2cedff20999df2af8eb42d56 -> 
========================================================================
Received Import Request.
  Time since last request: 42.223915 seconds.
  path: Assets/Prefabs/Room.prefab
  artifactKey: Guid(c752277020e01a6478af3e70fe105af5) Importer(815301076,1909f56bfc062723c751e8b465ee728b)
Start importing Assets/Prefabs/Room.prefab using Guid(c752277020e01a6478af3e70fe105af5) Importer(815301076,1909f56bfc062723c751e8b465ee728b)  -> (artifact id: '730623fb4b939c85011a43a4a8f65282') in 0.070769 seconds
Number of updated asset objects reloaded before import = 0
Number of asset objects unloaded after import = 185
========================================================================
Received Import Request.
  Time since last request: 3.336617 seconds.
  path: Assets/Prefabs/Room.prefab
  artifactKey: Guid(c752277020e01a6478af3e70fe105af5) Importer(815301076,1909f56bfc062723c751e8b465ee728b)
Start importing Assets/Prefabs/Room.prefab using Guid(c752277020e01a6478af3e70fe105af5) Importer(815301076,1909f56bfc062723c751e8b465ee728b)  -> (artifact id: '1a1667851a99868c389a2d35ec651797') in 0.030271 seconds
Number of updated asset objects reloaded before import = 0
Number of asset objects unloaded after import = 185
========================================================================
Received Import Request.
  Time since last request: 5.389639 seconds.
  path: Assets/Prefabs/Room.prefab
  artifactKey: Guid(c752277020e01a6478af3e70fe105af5) Importer(815301076,1909f56bfc062723c751e8b465ee728b)
Start importing Assets/Prefabs/Room.prefab using Guid(c752277020e01a6478af3e70fe105af5) Importer(815301076,1909f56bfc062723c751e8b465ee728b)  -> (artifact id: '05f9d90f71b535c9a4bcabd258a0e642') in 0.025838 seconds
Number of updated asset objects reloaded before import = 0
Number of asset objects unloaded after import = 185
========================================================================
Received Import Request.
  Time since last request: 5.832535 seconds.
  path: Assets/Prefabs/Room.prefab
  artifactKey: Guid(c752277020e01a6478af3e70fe105af5) Importer(815301076,1909f56bfc062723c751e8b465ee728b)
Start importing Assets/Prefabs/Room.prefab using Guid(c752277020e01a6478af3e70fe105af5) Importer(815301076,1909f56bfc062723c751e8b465ee728b)  -> (artifact id: 'b5e52b5c0f3f96e4c7097372e9bcebce') in 0.025274 seconds
Number of updated asset objects reloaded before import = 0
Number of asset objects unloaded after import = 185
========================================================================
Received Import Request.
  Time since last request: 4.599901 seconds.
  path: Assets/Prefabs/Room.prefab
  artifactKey: Guid(c752277020e01a6478af3e70fe105af5) Importer(815301076,1909f56bfc062723c751e8b465ee728b)
Start importing Assets/Prefabs/Room.prefab using Guid(c752277020e01a6478af3e70fe105af5) Importer(815301076,1909f56bfc062723c751e8b465ee728b)  -> (artifact id: '4963f304ece70e8970dac9afa427a2e4') in 0.029932 seconds
Number of updated asset objects reloaded before import = 0
Number of asset objects unloaded after import = 185
========================================================================
Received Import Request.
  Time since last request: 10.283674 seconds.
  path: Assets/Prefabs/Room.prefab
  artifactKey: Guid(c752277020e01a6478af3e70fe105af5) Importer(815301076,1909f56bfc062723c751e8b465ee728b)
Start importing Assets/Prefabs/Room.prefab using Guid(c752277020e01a6478af3e70fe105af5) Importer(815301076,1909f56bfc062723c751e8b465ee728b)  -> (artifact id: 'fdc9b7a783b3754e3d3b24b0b1128454') in 0.024329 seconds
Number of updated asset objects reloaded before import = 0
Number of asset objects unloaded after import = 185
========================================================================
Received Import Request.
  Time since last request: 3.788212 seconds.
  path: Assets/Prefabs/Room.prefab
  artifactKey: Guid(c752277020e01a6478af3e70fe105af5) Importer(815301076,1909f56bfc062723c751e8b465ee728b)
Start importing Assets/Prefabs/Room.prefab using Guid(c752277020e01a6478af3e70fe105af5) Importer(815301076,1909f56bfc062723c751e8b465ee728b)  -> (artifact id: '3a9fe8834d8dad7895e2bc211b06b949') in 0.032386 seconds
Number of updated asset objects reloaded before import = 0
Number of asset objects unloaded after import = 185
========================================================================
Received Import Request.
  Time since last request: 4.397454 seconds.
  path: Assets/Prefabs/Room.prefab
  artifactKey: Guid(c752277020e01a6478af3e70fe105af5) Importer(815301076,1909f56bfc062723c751e8b465ee728b)
Start importing Assets/Prefabs/Room.prefab using Guid(c752277020e01a6478af3e70fe105af5) Importer(815301076,1909f56bfc062723c751e8b465ee728b)  -> (artifact id: '182a8b776bc0b9ede2affa2102b92f13') in 0.025839 seconds
Number of updated asset objects reloaded before import = 0
Number of asset objects unloaded after import = 185
========================================================================
Received Import Request.
  Time since last request: 3.191476 seconds.
  path: Assets/Prefabs/Room.prefab
  artifactKey: Guid(c752277020e01a6478af3e70fe105af5) Importer(815301076,1909f56bfc062723c751e8b465ee728b)
Start importing Assets/Prefabs/Room.prefab using Guid(c752277020e01a6478af3e70fe105af5) Importer(815301076,1909f56bfc062723c751e8b465ee728b)  -> (artifact id: '0bb407050a886348b02071172fa3f5eb') in 0.030413 seconds
Number of updated asset objects reloaded before import = 0
Number of asset objects unloaded after import = 185
========================================================================
Received Import Request.
  Time since last request: 1.992560 seconds.
  path: Assets/Prefabs/Room.prefab
  artifactKey: Guid(c752277020e01a6478af3e70fe105af5) Importer(815301076,1909f56bfc062723c751e8b465ee728b)
Start importing Assets/Prefabs/Room.prefab using Guid(c752277020e01a6478af3e70fe105af5) Importer(815301076,1909f56bfc062723c751e8b465ee728b)  -> (artifact id: '447b83dc46b525d024fa8df13330ae2e') in 0.029939 seconds
Number of updated asset objects reloaded before import = 0
Number of asset objects unloaded after import = 185
========================================================================
Received Import Request.
  Time since last request: 2.190469 seconds.
  path: Assets/Prefabs/Room.prefab
  artifactKey: Guid(c752277020e01a6478af3e70fe105af5) Importer(815301076,1909f56bfc062723c751e8b465ee728b)
Start importing Assets/Prefabs/Room.prefab using Guid(c752277020e01a6478af3e70fe105af5) Importer(815301076,1909f56bfc062723c751e8b465ee728b)  -> (artifact id: 'a109bc4ca7c0d3bd5db171af35f12cd0') in 0.032044 seconds
Number of updated asset objects reloaded before import = 0
Number of asset objects unloaded after import = 185
========================================================================
Received Import Request.
  Time since last request: 1.781664 seconds.
  path: Assets/Prefabs/Room.prefab
  artifactKey: Guid(c752277020e01a6478af3e70fe105af5) Importer(815301076,1909f56bfc062723c751e8b465ee728b)
Start importing Assets/Prefabs/Room.prefab using Guid(c752277020e01a6478af3e70fe105af5) Importer(815301076,1909f56bfc062723c751e8b465ee728b)  -> (artifact id: '5e2a3cc0017cb94c98dd7e88719cf1fd') in 0.027951 seconds
Number of updated asset objects reloaded before import = 0
Number of asset objects unloaded after import = 185
========================================================================
Received Import Request.
  Time since last request: 7.216411 seconds.
  path: Assets/Prefabs/Room.prefab
  artifactKey: Guid(c752277020e01a6478af3e70fe105af5) Importer(815301076,1909f56bfc062723c751e8b465ee728b)
Start importing Assets/Prefabs/Room.prefab using Guid(c752277020e01a6478af3e70fe105af5) Importer(815301076,1909f56bfc062723c751e8b465ee728b)  -> (artifact id: 'e989f75df9d5ed2263fdc816bd733499') in 0.031085 seconds
Number of updated asset objects reloaded before import = 0
Number of asset objects unloaded after import = 185
========================================================================
Received Import Request.
  Time since last request: 19.153140 seconds.
  path: Assets/Prefabs/Room.prefab
  artifactKey: Guid(c752277020e01a6478af3e70fe105af5) Importer(815301076,1909f56bfc062723c751e8b465ee728b)
Start importing Assets/Prefabs/Room.prefab using Guid(c752277020e01a6478af3e70fe105af5) Importer(815301076,1909f56bfc062723c751e8b465ee728b)  -> (artifact id: '2023fb377ae5167f9d75c95b8aedffce') in 0.027538 seconds
Number of updated asset objects reloaded before import = 0
Number of asset objects unloaded after import = 185
========================================================================
Received Import Request.
  Time since last request: 1.795994 seconds.
  path: Assets/Prefabs/Room.prefab
  artifactKey: Guid(c752277020e01a6478af3e70fe105af5) Importer(815301076,1909f56bfc062723c751e8b465ee728b)
Start importing Assets/Prefabs/Room.prefab using Guid(c752277020e01a6478af3e70fe105af5) Importer(815301076,1909f56bfc062723c751e8b465ee728b)  -> (artifact id: '764ccc534e1e0a485cbe9e4dd956bee3') in 0.025189 seconds
Number of updated asset objects reloaded before import = 0
Number of asset objects unloaded after import = 185
========================================================================
Received Import Request.
  Time since last request: 12.060912 seconds.
  path: Assets/Prefabs/Room.prefab
  artifactKey: Guid(c752277020e01a6478af3e70fe105af5) Importer(815301076,1909f56bfc062723c751e8b465ee728b)
Start importing Assets/Prefabs/Room.prefab using Guid(c752277020e01a6478af3e70fe105af5) Importer(815301076,1909f56bfc062723c751e8b465ee728b)  -> (artifact id: 'cfe091671d3f9f625937d4b82c97d7fa') in 0.030250 seconds
Number of updated asset objects reloaded before import = 0
Number of asset objects unloaded after import = 185
========================================================================
Received Import Request.
  Time since last request: 3.784067 seconds.
  path: Assets/Prefabs/Room.prefab
  artifactKey: Guid(c752277020e01a6478af3e70fe105af5) Importer(815301076,1909f56bfc062723c751e8b465ee728b)
Start importing Assets/Prefabs/Room.prefab using Guid(c752277020e01a6478af3e70fe105af5) Importer(815301076,1909f56bfc062723c751e8b465ee728b)  -> (artifact id: '00f6105e45f4f650ac58dc01630a4001') in 0.028384 seconds
Number of updated asset objects reloaded before import = 0
Number of asset objects unloaded after import = 185
========================================================================
Received Import Request.
  Time since last request: 1.779256 seconds.
  path: Assets/Prefabs/Room.prefab
  artifactKey: Guid(c752277020e01a6478af3e70fe105af5) Importer(815301076,1909f56bfc062723c751e8b465ee728b)
Start importing Assets/Prefabs/Room.prefab using Guid(c752277020e01a6478af3e70fe105af5) Importer(815301076,1909f56bfc062723c751e8b465ee728b)  -> (artifact id: '3ba6756d521401649768e12f9cf63f24') in 0.026779 seconds
Number of updated asset objects reloaded before import = 0
Number of asset objects unloaded after import = 185
========================================================================
Received Import Request.
  Time since last request: 7.420324 seconds.
  path: Assets/Prefabs/Room.prefab
  artifactKey: Guid(c752277020e01a6478af3e70fe105af5) Importer(815301076,1909f56bfc062723c751e8b465ee728b)
Start importing Assets/Prefabs/Room.prefab using Guid(c752277020e01a6478af3e70fe105af5) Importer(815301076,1909f56bfc062723c751e8b465ee728b)  -> (artifact id: 'cfd074ba11307b5ebc45380d0e56c90b') in 0.028118 seconds
Number of updated asset objects reloaded before import = 0
Number of asset objects unloaded after import = 185
========================================================================
Received Import Request.
  Time since last request: 9.435807 seconds.
  path: Assets/Prefabs/Room.prefab
  artifactKey: Guid(c752277020e01a6478af3e70fe105af5) Importer(815301076,1909f56bfc062723c751e8b465ee728b)
Start importing Assets/Prefabs/Room.prefab using Guid(c752277020e01a6478af3e70fe105af5) Importer(815301076,1909f56bfc062723c751e8b465ee728b)  -> (artifact id: '24a157935c2b0e92778bcc46a49d199d') in 0.029425 seconds
Number of updated asset objects reloaded before import = 0
Number of asset objects unloaded after import = 185
========================================================================
Received Import Request.
  Time since last request: 3.984263 seconds.
  path: Assets/Prefabs/Room.prefab
  artifactKey: Guid(c752277020e01a6478af3e70fe105af5) Importer(815301076,1909f56bfc062723c751e8b465ee728b)
Start importing Assets/Prefabs/Room.prefab using Guid(c752277020e01a6478af3e70fe105af5) Importer(815301076,1909f56bfc062723c751e8b465ee728b)  -> (artifact id: '8e3f08d8fa9c66e4354887bc6a572a80') in 0.027604 seconds
Number of updated asset objects reloaded before import = 0
Number of asset objects unloaded after import = 185
========================================================================
Received Prepare
Begin MonoManager ReloadAssembly
Symbol file LoadedFromMemory doesn't match image C:\Users\Lolita\Desktop\Crawling3dd\Library\PackageCache\com.unity.visualscripting@1.8.0\Editor\VisualScripting.Core\Dependencies\YamlDotNet\Unity.VisualScripting.YamlDotNet.dll
Symbol file LoadedFromMemory doesn't match image C:\Users\Lolita\Desktop\Crawling3dd\Library\PackageCache\com.unity.visualscripting@1.8.0\Editor\VisualScripting.Core\Dependencies\DotNetZip\Unity.VisualScripting.IonicZip.dll
- Loaded All Assemblies, in  0.509 seconds
Refreshing native plugins compatible for Editor in 2.43 ms, found 3 plugins.
Native extension for WindowsStandalone target not found
Mono: successfully reloaded assembly
- Finished resetting the current domain, in  0.936 seconds
Domain Reload Profiling: 1444ms
	BeginReloadAssembly (110ms)
		ExecutionOrderSort (0ms)
		DisableScriptedObjects (3ms)
		BackupInstance (0ms)
		ReleaseScriptingObjects (0ms)
		CreateAndSetChildDomain (32ms)
	RebuildCommonClasses (28ms)
	RebuildNativeTypeToScriptingClass (7ms)
	initialDomainReloadingComplete (20ms)
	LoadAllAssembliesAndSetupDomain (342ms)
		LoadAssemblies (181ms)
		RebuildTransferFunctionScriptingTraits (0ms)
		AnalyzeDomain (207ms)
			TypeCache.Refresh (202ms)
				TypeCache.ScanAssembly (195ms)
			ScanForSourceGeneratedMonoScriptInfo (0ms)
			ResolveRequiredComponents (5ms)
	FinalizeReload (937ms)
		ReleaseScriptCaches (0ms)
		RebuildScriptCaches (0ms)
		SetupLoadedEditorAssemblies (568ms)
			LogAssemblyErrors (0ms)
			InitializePlatformSupportModulesInManaged (7ms)
			SetLoadedEditorAssemblies (4ms)
			RefreshPlugins (0ms)
			BeforeProcessingInitializeOnLoad (53ms)
			ProcessInitializeOnLoadAttributes (479ms)
			ProcessInitializeOnLoadMethodAttributes (18ms)
			AfterProcessingInitializeOnLoad (6ms)
			EditorAssembliesLoaded (0ms)
		ExecutionOrderSort2 (0ms)
		AwakeInstancesAfterBackupRestoration (6ms)
Refreshing native plugins compatible for Editor in 3.50 ms, found 3 plugins.
Preloading 0 native plugins for Editor in 0.00 ms.
Unloading 3169 Unused Serialized files (Serialized files now loaded: 0)
Unloading 20 unused Assets / (30.5 KB). Loaded Objects now: 3697.
Memory consumption went from 121.4 MB to 121.3 MB.
Total: 3.685400 ms (FindLiveObjects: 0.259300 ms CreateObjectMapping: 0.143900 ms MarkObjects: 3.235000 ms  DeleteObjects: 0.046500 ms)

Prepare: number of updated asset objects reloaded= 0
AssetImportParameters requested are different than current active one (requested -> active):
  custom:container-demuxer-ogg: 62fdf1f143b41e24485cea50d1cbac27 -> 
  custom:video-codec-MediaFoundation-h265: 746d11721c4dcdbdad8f713fa42b33f4 -> 
  custom:video-decoder-ogg-theora: a1e56fd34408186e4bbccfd4996cb3dc -> 
  custom:framework-win-MediaFoundation: 216162199b28c13a410421893ffa2e32 -> 
  custom:container-demuxer-webm: 4f35f7cbe854078d1ac9338744f61a02 -> 
  custom:container-muxer-webm: aa71ff27fc2769a1b78a27578f13a17b -> 
  custom:video-decoder-webm-vp8: 9c59270c3fd7afecdb556c50c9e8de78 -> 
  custom:SearchIndexIgnoredProperties: e643bd26f0fe6173181afceb89e7c659 -> 
  custom:AudioImporter_EditorPlatform: d09bf68614088b80899f8185d706f6e7 -> 
  custom:video-encoder-webm-vp8: eb34c28f22e8b96e1ab97ce403110664 -> 
  custom:audio-decoder-ogg-vorbis: bf7c407c2cedff20999df2af8eb42d56 -> 
  custom:audio-encoder-webm-vorbis: bf7c407c2cedff20999df2af8eb42d56 -> 
========================================================================
Received Prepare
Begin MonoManager ReloadAssembly
Symbol file LoadedFromMemory doesn't match image C:\Users\Lolita\Desktop\Crawling3dd\Library\PackageCache\com.unity.visualscripting@1.8.0\Editor\VisualScripting.Core\Dependencies\YamlDotNet\Unity.VisualScripting.YamlDotNet.dll
Symbol file LoadedFromMemory doesn't match image C:\Users\Lolita\Desktop\Crawling3dd\Library\PackageCache\com.unity.visualscripting@1.8.0\Editor\VisualScripting.Core\Dependencies\DotNetZip\Unity.VisualScripting.IonicZip.dll
- Loaded All Assemblies, in  0.521 seconds
Refreshing native plugins compatible for Editor in 2.49 ms, found 3 plugins.
Native extension for WindowsStandalone target not found
Mono: successfully reloaded assembly
- Finished resetting the current domain, in  0.951 seconds
Domain Reload Profiling: 1471ms
	BeginReloadAssembly (110ms)
		ExecutionOrderSort (0ms)
		DisableScriptedObjects (3ms)
		BackupInstance (0ms)
		ReleaseScriptingObjects (0ms)
		CreateAndSetChildDomain (29ms)
	RebuildCommonClasses (24ms)
	RebuildNativeTypeToScriptingClass (7ms)
	initialDomainReloadingComplete (23ms)
	LoadAllAssembliesAndSetupDomain (354ms)
		LoadAssemblies (173ms)
		RebuildTransferFunctionScriptingTraits (0ms)
		AnalyzeDomain (229ms)
			TypeCache.Refresh (224ms)
				TypeCache.ScanAssembly (216ms)
			ScanForSourceGeneratedMonoScriptInfo (0ms)
			ResolveRequiredComponents (4ms)
	FinalizeReload (952ms)
		ReleaseScriptCaches (0ms)
		RebuildScriptCaches (0ms)
		SetupLoadedEditorAssemblies (577ms)
			LogAssemblyErrors (0ms)
			InitializePlatformSupportModulesInManaged (6ms)
			SetLoadedEditorAssemblies (4ms)
			RefreshPlugins (0ms)
			BeforeProcessingInitializeOnLoad (52ms)
			ProcessInitializeOnLoadAttributes (490ms)
			ProcessInitializeOnLoadMethodAttributes (18ms)
			AfterProcessingInitializeOnLoad (7ms)
			EditorAssembliesLoaded (0ms)
		ExecutionOrderSort2 (0ms)
		AwakeInstancesAfterBackupRestoration (7ms)
Refreshing native plugins compatible for Editor in 3.11 ms, found 3 plugins.
Preloading 0 native plugins for Editor in 0.00 ms.
Unloading 3170 Unused Serialized files (Serialized files now loaded: 0)
Unloading 20 unused Assets / (30.6 KB). Loaded Objects now: 3700.
Memory consumption went from 121.6 MB to 121.6 MB.
Total: 2.778000 ms (FindLiveObjects: 0.175200 ms CreateObjectMapping: 0.063400 ms MarkObjects: 2.485800 ms  DeleteObjects: 0.052200 ms)

Prepare: number of updated asset objects reloaded= 0
AssetImportParameters requested are different than current active one (requested -> active):
  custom:container-demuxer-ogg: 62fdf1f143b41e24485cea50d1cbac27 -> 
  custom:video-codec-MediaFoundation-h265: 746d11721c4dcdbdad8f713fa42b33f4 -> 
  custom:video-decoder-ogg-theora: a1e56fd34408186e4bbccfd4996cb3dc -> 
  custom:framework-win-MediaFoundation: 216162199b28c13a410421893ffa2e32 -> 
  custom:container-demuxer-webm: 4f35f7cbe854078d1ac9338744f61a02 -> 
  custom:container-muxer-webm: aa71ff27fc2769a1b78a27578f13a17b -> 
  custom:video-decoder-webm-vp8: 9c59270c3fd7afecdb556c50c9e8de78 -> 
  custom:SearchIndexIgnoredProperties: e643bd26f0fe6173181afceb89e7c659 -> 
  custom:AudioImporter_EditorPlatform: d09bf68614088b80899f8185d706f6e7 -> 
  custom:video-encoder-webm-vp8: eb34c28f22e8b96e1ab97ce403110664 -> 
  custom:audio-decoder-ogg-vorbis: bf7c407c2cedff20999df2af8eb42d56 -> 
  custom:audio-encoder-webm-vorbis: bf7c407c2cedff20999df2af8eb42d56 -> 
========================================================================
Received Import Request.
  Time since last request: 102.171678 seconds.
  path: Assets/StylizedHandPaintedDungeon(Free)/Originals/Door.fbx
  artifactKey: Guid(1fed90e8722c1334d9b51e0b56f26e4e) Importer(815301076,1909f56bfc062723c751e8b465ee728b)
Start importing Assets/StylizedHandPaintedDungeon(Free)/Originals/Door.fbx using Guid(1fed90e8722c1334d9b51e0b56f26e4e) Importer(815301076,1909f56bfc062723c751e8b465ee728b)  -> (artifact id: 'db91ec1e2c71286cfee2c0cbddffc6a4') in 0.088972 seconds
Number of updated asset objects reloaded before import = 0
Number of asset objects unloaded after import = 7
========================================================================
Received Import Request.
  Time since last request: 0.000017 seconds.
  path: Assets/StylizedHandPaintedDungeon(Free)/Originals/Pillar.fbx
  artifactKey: Guid(b520dd2e830b53248a9a07d2d9f3f3dd) Importer(815301076,1909f56bfc062723c751e8b465ee728b)
Start importing Assets/StylizedHandPaintedDungeon(Free)/Originals/Pillar.fbx using Guid(b520dd2e830b53248a9a07d2d9f3f3dd) Importer(815301076,1909f56bfc062723c751e8b465ee728b)  -> (artifact id: 'b7dfb35dd8b12f13595b254706da683f') in 0.048644 seconds
Number of updated asset objects reloaded before import = 0
Number of asset objects unloaded after import = 8
========================================================================
Received Import Request.
  Time since last request: 0.000024 seconds.
  path: Assets/StylizedHandPaintedDungeon(Free)/Originals/Lamp_01.fbx
  artifactKey: Guid(80f5a41c215b19a4096e40d8852a7562) Importer(815301076,1909f56bfc062723c751e8b465ee728b)
Start importing Assets/StylizedHandPaintedDungeon(Free)/Originals/Lamp_01.fbx using Guid(80f5a41c215b19a4096e40d8852a7562) Importer(815301076,1909f56bfc062723c751e8b465ee728b)  -> (artifact id: '98d9b9d65efa45a4fbabdc1d340691fd') in 0.023442 seconds
Number of updated asset objects reloaded before import = 0
Number of asset objects unloaded after import = 7
========================================================================
Received Import Request.
  Time since last request: 0.000017 seconds.
  path: Assets/StylizedHandPaintedDungeon(Free)/Originals/Wall.fbx
  artifactKey: Guid(9c33f225c6ee98243a57390a7235bd50) Importer(815301076,1909f56bfc062723c751e8b465ee728b)
Start importing Assets/StylizedHandPaintedDungeon(Free)/Originals/Wall.fbx using Guid(9c33f225c6ee98243a57390a7235bd50) Importer(815301076,1909f56bfc062723c751e8b465ee728b)  -> (artifact id: 'c0c5fb09379ee2f9c118668fea803f89') in 0.026173 seconds
Number of updated asset objects reloaded before import = 0
Number of asset objects unloaded after import = 7
========================================================================
Received Import Request.
  Time since last request: 0.614640 seconds.
  path: Assets/StylizedHandPaintedDungeon(Free)/Materials/Dungeon_Mat_01.mat
  artifactKey: Guid(770d874acb2e37f4dbb0943d5ef8a660) Importer(815301076,1909f56bfc062723c751e8b465ee728b)
Start importing Assets/StylizedHandPaintedDungeon(Free)/Materials/Dungeon_Mat_01.mat using Guid(770d874acb2e37f4dbb0943d5ef8a660) Importer(815301076,1909f56bfc062723c751e8b465ee728b)  -> (artifact id: '1891a57776c8da6e165b950138978038') in 0.030889 seconds
Number of updated asset objects reloaded before import = 0
Number of asset objects unloaded after import = 2
========================================================================
Received Import Request.
  Time since last request: 5.988886 seconds.
  path: Assets/StylizedHandPaintedDungeon(Free)/Textures/Dungeon_02_Diffuse.tga
  artifactKey: Guid(2ad5769c41feb7749a077e020ed56acb) Importer(815301076,1909f56bfc062723c751e8b465ee728b)
Start importing Assets/StylizedHandPaintedDungeon(Free)/Textures/Dungeon_02_Diffuse.tga using Guid(2ad5769c41feb7749a077e020ed56acb) Importer(815301076,1909f56bfc062723c751e8b465ee728b)  -> (artifact id: '5775ac1ba70ca1b6b49d9a252e10571c') in 0.029419 seconds
Number of updated asset objects reloaded before import = 0
Number of asset objects unloaded after import = 2
Editor requested this worker to shutdown with reason: Scaling down because of idle timeout
TcpMessagingSession - receive error: operation aborted. errorcode: 995, details: The I/O operation has been aborted because of either a thread exit or an application request.
AssetImportWorker is now disconnected from the server
Process exiting
Exiting without the bug reporter. Application will terminate with return code 0